date,pred_low,pred_high,actual_low,actual_high,profit,in_range,adjusted
2023-06-09,1927.2999703543526,1999.8999808175224,1960.300048828125,1969.800048828125,0.14376214911040933,True,False
2023-06-12,1928.14994594029,1996.24995640346,1951.4000244140625,1963.5,-0.12493284935314217,True,True
2023-06-13,1924.8071812220983,1985.7929164341517,1940.300048828125,1967.5,0.06104032207050519,True,True
2023-06-14,1915.7999703543526,1973.3999808175224,1940.300048828125,1958.199951171875,-0.07282521357030153,True,True
2023-06-15,1927.8286307198662,1982.7714669363838,1926.0,1958.800048828125,0.06920939852367047,False,True
2023-06-16,1924.907191685268,1990.692905970982,1953.5,1962.9000244140625,-0.16710040508685498,True,True
2023-06-20,1929.4286063058037,1987.3714425223213,1931.300048828125,1958.5999755859375,0.043631106177578316,True,True
2023-06-21,1906.3143223353795,1964.6856776646205,1920.0,1936.800048828125,-0.08186228432387949,True,True
2023-06-22,1902.5500749860491,1964.0500226702009,1912.0999755859375,1921.0,-0.1783599674798021,True,True
2023-06-23,1879.99995640346,1945.39994594029,1918.699951171875,1932.5,-0.09750959178853663,True,True
2023-06-26,1887.9856741768974,1950.2142769949776,1922.5,1928.5,-0.21599073458537998,True,True
2023-06-27,1894.4070521763392,1952.9928501674108,1914.0,1929.4000244140625,-0.09687611103489555,True,True
2023-06-28,1888.4356776646205,1939.5643223353795,1912.300048828125,1912.300048828125,-0.3,True,True
2023-06-29,1888.3857421875,1936.21435546875,1892.5,1909.9000244140625,-0.11789944251107118,True,True
2023-06-30,1886.8927612304688,1931.5071411132812,1900.5999755859375,1921.0999755859375,-0.10774573264223156,True,True
2023-07-03,1897.9999389648438,1944.2000122070312,1917.9000244140625,1929.5,-0.18640126117268704,True,True
2023-07-05,1900.6570783342634,1942.7428240094866,1914.699951171875,1933.9000244140625,-0.14260030784815828,True,True
2023-07-06,1898.6856689453125,1940.5142822265625,1903.199951171875,1910.199951171875,-0.2431825151677009,True,True
2023-07-07,1886.28564453125,1931.1142578125,1913.4000244140625,1934.0999755859375,-0.13232672337248166,False,True
2023-07-10,1901.642787388393,1950.757114955357,1912.300048828125,1926.0999755859375,-0.15251532484566932,True,True
2023-07-11,1897.8285609654017,1952.1714390345983,1924.199951171875,1937.0,-0.1441879565518186,True,True
2023-07-12,1905.6286097935267,1956.9714878627233,1932.199951171875,1958.0,-0.020536857019724353,False,True
2023-07-13,1929.199951171875,1983.199951171875,1953.0,1961.0999755859375,-0.2054662341670362,True,True
2023-07-14,1932.949951171875,1985.449951171875,1952.699951171875,1960.5999755859375,-0.21124396031692055,True,True
2023-07-17,1936.2714146205358,1983.9285365513392,1946.5999755859375,1956.5,-0.2032620506079263,True,True
2023-07-18,1929.1928972516741,1975.6071515764509,1963.4000244140625,1978.4000244140625,-0.1846343852798772,False,True
2023-07-19,1953.8642578125,2000.53564453125,1973.0,1977.5,-0.25851682252859276,True,True
2023-07-20,1956.1785714285713,1998.8214285714287,1965.5999755859375,1973.699951171875,-0.23765845394886323,True,True
2023-07-21,1947.1714826311384,1989.4286150251116,1961.800048828125,1964.300048828125,-0.28086463003500145,True,True
2023-07-24,1947.50004359654,1981.10005405971,1960.300048828125,1965.5,-0.2837088749660726,True,True
2023-07-25,1944.1214773995537,1976.4786202566963,1953.0,1962.5,-0.2778888309991822,True,True
2023-07-26,1945.5785522460938,1978.6213989257812,1966.199951171875,1972.0,-0.28384628962422975,True,True
2023-07-27,1953.1500244140625,1984.6500244140625,1945.4000244140625,1945.4000244140625,-1.4808623958404956,False,True
2023-07-28,1930.1857386997767,1960.6143101283483,1944.199951171875,1962.199951171875,-0.2827030813400524,False,True
2023-07-31,1942.2928815569196,1978.5071672712054,1950.0,1971.5999755859375,-0.19642942406757413,True,True
2023-08-01,1950.3142961774554,1990.6857038225446,1940.699951171875,1965.4000244140625,-1.6612077772202332,False,True
2023-08-02,1915.5213797433037,1965.8785226004463,1933.199951171875,1953.5999755859375,-0.07824595629607575,True,True
2023-08-03,1908.9642944335938,1965.8357543945312,1928.0,1936.5,-0.1927287310781164,True,True
2023-08-04,1903.585693359375,1960.414306640625,1920.0,1945.0,0.01705850442296747,True,True
2023-08-07,1907.949959891183,1971.249991280692,1929.800048828125,1941.0,-0.14398270897470705,True,True
2023-08-08,1904.4857090541295,1962.5142909458705,1923.0,1933.199951171875,-0.1680618532502446,True,True
2023-08-09,1896.69282749721,1951.507123674665,1913.699951171875,1928.800048828125,-0.11421423020541374,True,True
2023-08-10,1889.385707310268,1941.414341517857,1911.4000244140625,1927.800048828125,-0.10829899037175428,True,True
2023-08-11,1891.2571411132812,1937.5429077148438,1911.800048828125,1916.5999755859375,-0.2524127677885948,True,True
2023-08-14,1893.1000191824776,1932.7000296456474,1903.300048828125,1912.5999755859375,-0.23305043416639382,True,True
2023-08-15,1890.757123674665,1930.44282749721,1895.0,1907.699951171875,-0.20765488535686447,True,True
2023-08-16,1884.6714390345983,1920.3285609654017,1890.300048828125,1904.5,-0.22548514924451724,True,True
2023-08-17,1877.6285574776787,1914.5713936941963,1884.0,1902.4000244140625,-0.18834346473819247,True,True
2023-08-18,1863.9356951032366,1904.2642560686384,1886.0999755859375,1891.800048828125,-0.25473783837351394,True,True
2023-08-21,1867.5214146205358,1904.6785365513392,1893.300048828125,1893.5999755859375,-0.29810291117752885,True,True
2023-08-22,1876.6286359514509,1909.9714617047991,1892.800048828125,1896.800048828125,-0.2843387178871163,True,True
2023-08-23,1879.9000244140625,1912.9000244140625,1909.5999755859375,1918.5,-0.2879928629034815,False,True
2023-08-24,1899.3214285714287,1937.6785714285713,1918.199951171875,1920.800048828125,-0.28307608135973106,True,True
2023-08-25,1901.8070678710938,1934.5928344726562,1911.0999755859375,1919.800048828125,-0.27224394917327444,True,True
2023-08-28,1895.8856375558037,1926.3143136160713,1915.5,1921.5,-0.2909091565677953,True,True
2023-08-29,1904.3999720982142,1931.4000767299108,1916.9000244140625,1936.5,-0.3,False,True
2023-08-30,1920.4499686104912,1952.5500313895088,1934.5999755859375,1946.4000244140625,-0.2710268956847099,True,True
2023-08-31,1927.328578404018,1961.271519252232,1938.199951171875,1944.4000244140625,-0.27755393492946234,True,True
2023-09-01,1920.757036481585,1955.642865862165,1936.5999755859375,1950.0,-0.2424009137808827,True,True
2023-09-05,1924.2214093889509,1955.3786882672991,1924.699951171875,1934.4000244140625,-0.2834668964349904,True,True
2023-09-06,1907.9427403041295,1944.4571620396205,1916.300048828125,1925.300048828125,-0.2512378602364723,True,True
2023-09-07,1899.585658482143,1936.614292689732,1917.5,1921.5,-0.2767485294583155,True,True
2023-09-08,1900.3571166992188,1934.6428833007812,1918.4000244140625,1924.699951171875,-0.27353619581558775,True,True
2023-09-11,1903.9142892020088,1932.8857596261162,1921.800048828125,1928.300048828125,-0.29885697983228043,True,True
2023-09-12,1909.2214617047991,1937.3786359514509,1911.300048828125,1920.800048828125,-0.3,True,True
2023-09-13,1895.9786202566963,1926.6214773995537,1908.9000244140625,1914.5999755859375,-0.2903974065324118,True,True
2023-09-14,1895.4285627092634,1922.7713884626116,1903.0,1910.0,-0.3,True,True
2023-09-15,1898.0643223353795,1921.9356776646205,1923.5,1927.300048828125,-0.3,False,True
2023-09-18,1910.1785278320312,1937.2213745117188,1926.4000244140625,1931.5,-0.3,True,True
2023-09-19,1917.1642804827009,1945.8357195172991,1932.0,1934.0,-0.3,True,True
2023-09-20,1918.6714128766741,1945.3285871233259,1929.199951171875,1945.5999755859375,-0.3,False,True
2023-09-21,1930.8785313197545,1960.3214198521205,1919.199951171875,1924.0,-2.1007679319119648,False,True
2023-09-22,1901.392787388393,1937.007114955357,1925.4000244140625,1925.4000244140625,-0.3,True,True
2023-09-25,1907.4856916155134,1943.3143572126116,1916.5999755859375,1916.5999755859375,-0.3,True,True
2023-09-26,1898.2999180385045,1934.9000331333705,1900.4000244140625,1905.0999755859375,-0.27369848377877154,True,True
2023-09-27,1882.335702078683,1918.464346749442,1871.5999755859375,1871.5999755859375,-1.9947578964679624,False,True
2023-09-28,1849.035653250558,1894.164297921317,1856.699951171875,1878.199951171875,-0.08293698682349665,True,True
2023-09-29,1833.7642735072545,1887.0357753208705,1846.0,1872.300048828125,0.0365648321923811,True,True
2023-10-02,1819.3427908761162,1876.8571602957588,1826.699951171875,1845.9000244140625,-0.030918769948266478,True,True
2023-10-03,1802.314243861607,1857.685756138393,1816.800048828125,1830.9000244140625,-0.10573711815264139,True,True
2023-10-04,1795.2213832310267,1853.9785679408483,1816.4000244140625,1828.199951171875,-0.1272624016433612,True,True
2023-10-05,1788.4785766601562,1848.5214233398438,1815.5999755859375,1826.300048828125,-0.1394549415741232,True,True
2023-10-06,1787.7570975167412,1845.4428536551338,1809.4000244140625,1831.800048828125,0.025303676989047286,True,True
2023-10-09,1802.728506905692,1857.671395438058,1842.5,1861.5,-0.09262399890023629,False,True
2023-10-10,1819.9285452706474,1879.0714547293526,1852.800048828125,1861.4000244140625,-0.17656295597338967,True,True
2023-10-11,1834.5142647879463,1887.4857352120537,1869.0999755859375,1874.5999755859375,-0.2301020906377417,True,True
2023-10-12,1847.9857526506696,1897.6143450055804,1867.0,1881.199951171875,-0.13548312209917307,True,True
2023-10-13,1844.4643293108259,1894.1357683454241,1877.5,1930.0999755859375,-0.10621393476616917,False,True
2023-10-16,1892.0643048967634,1962.7357439313616,1910.300048828125,1921.0999755859375,-0.1344458500143423,True,True
2023-10-17,1884.3928484235491,1957.8071027483259,1914.300048828125,1925.800048828125,-0.11817630441801502,True,True
2023-10-18,1888.3285435267858,1957.0713588169642,1935.0,1957.9000244140625,0.03316421653842527,False,True
2023-10-19,1920.0929216657366,1990.5071759905134,1945.699951171875,1977.699951171875,0.17744865430580936,True,True
2023-10-20,1928.8857596261162,2007.9142892020088,1980.4000244140625,1988.5999755859375,-0.16952977955647905,True,True
2023-10-23,1941.5714547293526,2023.4285452706474,1972.9000244140625,1978.9000244140625,-0.2036497713736423,True,True
2023-10-24,1936.357212611607,2016.242885044643,1970.300048828125,1975.0,-0.22521726695010608,True,True
2023-10-25,1946.800005231585,2003.199994768415,1971.199951171875,1985.300048828125,-0.13053683577848504,True,True
2023-10-26,1956.5428118024554,2011.6571393694196,1980.4000244140625,1988.199951171875,-0.20958117208476099,True,True
2023-10-27,1960.4356602260045,2013.9642421177455,1988.5999755859375,1988.5999755859375,-0.3,True,True
2023-10-30,1969.0785522460938,2008.1213989257812,1992.5,2004.0999755859375,-0.2311697775765218,True,True
2023-10-31,1980.2142421177455,2012.1856602260045,1983.699951171875,2001.0,-0.2725078295194452,True,True
2023-11-01,1969.835649762835,2000.564252580915,1977.800048828125,1990.5,-0.290104803617556,True,True
2023-11-02,1962.7714669363838,1994.8286307198662,1979.5,1990.300048828125,-0.27978088495212067,True,True
2023-11-03,1968.392822265625,2002.80712890625,1989.0,1991.5,-0.291529890643964,True,True
2023-11-06,1976.050005231585,2006.949994768415,1977.4000244140625,1981.5999755859375,-0.2964936681986175,True,True
2023-11-07,1964.7999703543526,1998.3999808175224,1960.699951171875,1966.800048828125,-0.29417834290850725,False,True
2023-11-08,1945.8214721679688,1987.7786254882812,1947.699951171875,1967.800048828125,-0.1483120790089191,True,True
2023-11-09,1929.53568812779,1973.46431187221,1945.300048828125,1964.199951171875,-0.13844048723432387,True,True
2023-11-10,1941.892813546317,1986.507088797433,1932.5999755859375,1959.5999755859375,-1.566255227560754,False,True
2023-11-13,1906.2428327287946,1958.9571184430804,1934.0,1947.199951171875,-0.1462965941172188,True,True
2023-11-14,1918.4785766601562,1972.5214233398438,1961.800048828125,1965.800048828125,-0.25271017314060806,True,True
2023-11-15,1931.692905970982,1991.907191685268,1960.0,1962.800048828125,-0.2635117763746027,True,True
2023-11-16,1932.4142456054688,1987.7857055664062,1964.5999755859375,1983.9000244140625,-0.06909384984644049,True,True
2023-11-17,1955.5928606305804,2012.2071881975446,1979.800048828125,1984.0,-0.2497881013656191,True,True
2023-11-20,1956.699986049107,2006.499965122768,1969.699951171875,1979.4000244140625,-0.20133193492313947,True,True
2023-11-21,1954.2999354771205,2001.0999668666295,1988.5,2005.5,-0.18337138715373158,False,True
2023-11-22,1976.7143031529017,2021.8857945033483,1991.0,1999.4000244140625,-0.22939477105704434,True,True
2023-11-24,1970.1428397042412,2012.6572091238838,1991.5,2002.199951171875,-0.22010485945261882,True,True
2023-11-27,1982.978506905692,2021.421395438058,2011.699951171875,2011.800048828125,-0.2994531594245499,True,True
2023-11-28,1991.1214512416295,2032.4786464146205,2039.699951171875,2042.699951171875,-0.3,False,True
2023-11-29,2017.49995640346,2061.8999459402903,2036.0,2052.10009765625,-0.17729288757474337,True,True
2023-11-30,2022.3499494280134,2071.8500017438614,2033.0999755859375,2047.0999755859375,-0.1701738391140868,True,True
2023-12-01,2012.8999546595983,2063.2999965122767,2036.0,2073.199951171875,-0.03650826244809424,False,True
2023-12-04,2043.7857142857142,2098.214285714286,2021.0,2130.199951171875,-2.587563031629376,False,True
2023-12-05,1975.2857055664062,2072.9142456054688,2010.199951171875,2037.0,0.15614104725159617,True,True
2023-12-06,1966.2571323939733,2070.7428676060267,2019.0,2035.800048828125,-0.004439158007889188,True,True
2023-12-07,1976.607142857143,2084.3928571428573,2024.0,2034.9000244140625,-0.10743770275756606,True,True
2023-12-08,1980.2928553989955,2079.5071934291295,1995.0,2033.0999755859375,0.35045664017669814,True,True
2023-12-11,1943.9786202566963,2052.6214773995534,1977.199951171875,2004.199951171875,0.18918368905046568,True,True
2023-12-12,1920.892857142857,2035.107142857143,1977.800048828125,1994.199951171875,0.00686602679678755,True,True
2023-12-13,1925.1500592912946,2030.4500383649554,1975.0,2024.800048828125,0.604274548616472,True,True
2023-12-14,1942.3786097935267,2022.2214878627233,2024.300048828125,2040.0999755859375,-0.3,False,True
2023-12-15,1983.6356811523438,2076.7642211914062,2018.300048828125,2043.4000244140625,0.11602534128182257,True,True
2023-12-18,1972.864292689732,2069.3356584821427,2024.0,2032.800048828125,-0.1507100208289173,True,True
2023-12-19,1977.8929268973213,2074.7071707589284,2025.199951171875,2042.699951171875,-0.0037473581185606397,True,True
2023-12-20,1994.40718296596,2082.3928658621653,2030.300048828125,2037.0999755859375,-0.19116766187420042,True,True
2023-12-21,1994.557163783482,2074.4428362165177,2033.0,2044.5,-0.12534207124268387,True,True
2023-12-22,2000.2071184430804,2077.992832728795,2052.199951171875,2068.699951171875,-0.054500643837761764,True,True
2023-12-26,2022.5358276367188,2091.6643676757812,2054.199951171875,2060.800048828125,-0.21118442090598238,True,True
2023-12-27,2034.6070731026787,2081.7928292410716,2064.800048828125,2081.89990234375,-0.15728706736616688,False,True
2023-12-28,2058.6070295061386,2105.1927751813614,2066.5,2087.300048828125,-0.13532228363316928,True,True
2023-12-29,2048.6570347377233,2099.1427699497767,2062.10009765625,2068.89990234375,-0.2370781025768493,True,True
2024-01-02,2038.3785051618304,2086.42129952567,2057.10009765625,2073.699951171875,-0.15670145102171942,True,True
2024-01-03,2038.5571027483259,2090.242701939174,2034.199951171875,2044.0,-0.8803375030546123,False,True
2024-01-04,2004.3500191824776,2064.049883161272,2038.0,2044.5,-0.22189050592249693,True,True
2024-01-05,2016.5858154296875,2068.0142822265625,2042.4000244140625,2048.10009765625,-0.24357589923697937,True,True
2024-01-08,2016.8572300502233,2067.9428187779017,2019.0999755859375,2033.699951171875,-0.15692376789514847,True,True
2024-01-09,2001.1428745814733,2052.0570765904017,2026.4000244140625,2035.800048828125,-0.20655247208008756,True,True
2024-01-10,2003.38578578404,2049.4142630440847,2021.699951171875,2035.5999755859375,-0.18351726125187556,True,True
2024-01-11,1998.2356654575892,2045.1642368861608,2014.300048828125,2025.0999755859375,-0.2055014302301727,True,True
2024-01-12,1992.078604561942,2036.521493094308,2031.0999755859375,2057.0,-0.2569155928438169,False,True
2024-01-16,2021.7999354771205,2071.5999668666295,2026.0,2054.800048828125,-0.03016258903041713,True,True
2024-01-17,1997.13569859096,2054.8643014090403,2002.5999755859375,2026.5,-0.02067218972923973,True,True
2024-01-18,1969.8571079799108,2035.3428431919642,2009.5,2018.5999755859375,-0.17701686408619294,True,True
2024-01-19,1987.4214041573662,2049.778547014509,2019.5,2036.0,-0.08975450491937073,True,True
2024-01-22,1993.607142857143,2059.3928571428573,2019.800048828125,2021.300048828125,-0.28009135469684654,True,True
2024-01-23,1988.4500645228795,2051.1500331333705,2022.5,2030.300048828125,-0.20021243751976792,True,True
2024-01-24,1992.4142368861608,2054.985665457589,2013.9000244140625,2033.199951171875,-0.05448720126498083,True,True
2024-01-25,1987.6286010742188,2040.1714477539062,2012.0999755859375,2022.4000244140625,-0.1912996285278057,True,True
2024-01-26,1994.5928867885045,2039.2071620396205,2016.800048828125,2022.4000244140625,-0.25531355574822684,True,True
2024-01-29,1998.414350237165,2035.185747419085,2025.199951171875,2025.199951171875,-0.3,True,True
2024-01-30,2008.4428449358259,2041.9570574079241,2028.0999755859375,2048.5,-0.2679852261900965,False,True
2024-01-31,2013.4786028180804,2049.52139718192,2030.0,2055.0,-0.2257453308281312,False,True
2024-02-01,2026.457066127232,2070.3427385602677,2029.0,2064.5,-0.04016001578406797,True,True
2024-02-02,2025.7000209263392,2080.299979073661,2027.699951171875,2055.89990234375,-0.0005636475988515244,True,True
2024-02-05,2006.8928484235491,2065.307102748326,2013.800048828125,2040.800048828125,0.016370313742958942,True,True
2024-02-06,1992.914263044085,2058.4856392996653,2025.9000244140625,2037.300048828125,-0.14900771788628936,True,True
2024-02-07,2000.4285714285713,2068.5714285714284,2032.699951171875,2039.5,-0.2077248768888924,True,True
2024-02-08,2001.4713483537946,2068.928553989955,2020.300048828125,2036.699951171875,-0.07943032140830836,True,True
2024-02-09,1999.949951171875,2064.449951171875,2020.0,2032.0,-0.14428834577371297,True,True
2024-02-12,1993.7929164341517,2052.8071812220983,2011.5999755859375,2025.5,-0.13315367477830528,True,True
2024-02-13,1993.3213849748884,2043.0785173688616,1990.0,2025.800048828125,-0.0475476758008897,False,True
2024-02-14,1966.392865862165,2019.40718296596,1984.800048828125,1993.5,-0.20480562060070534,True,True
2024-02-15,1967.7143293108259,2012.8857683454241,1993.5999755859375,2007.199951171875,-0.1841495790325009,True,True
2024-02-16,1978.3785836356026,2025.8213675362724,1996.5,2011.5,-0.1625210697791512,True,True
2024-02-20,1986.021475655692,2036.978524344308,2015.5999755859375,2029.0,-0.16413991277896717,True,True
2024-02-21,2001.7857404436384,2053.2142595563614,2022.300048828125,2028.199951171875,-0.24054335485281403,True,True
2024-02-22,1997.935799734933,2046.664297921317,2019.699951171875,2033.199951171875,-0.17400559037111937,True,True
2024-02-23,1995.421421595982,2043.978480747768,2014.9000244140625,2038.5999755859375,-0.07934381944941493,True,True
2024-02-26,2016.9143240792412,2060.285627092634,2024.800048828125,2035.4000244140625,-0.22331875858160655,True,True
2024-02-27,2005.7214965820312,2051.2785034179688,2034.0,2035.9000244140625,-0.2844466565202607,True,True
2024-02-28,2013.2571847098213,2054.7428152901784,2024.800048828125,2037.0,-0.22065694223151072,True,True
2024-02-29,2012.8571951729912,2053.142804827009,2034.300048828125,2049.800048828125,-0.2073545448270271,True,True
2024-03-01,2025.7071358816963,2065.6927664620534,2041.800048828125,2086.89990234375,-0.16417530095054914,False,True
2024-03-04,2058.507097516741,2115.292707170759,2080.699951171875,2119.800048828125,0.07192096635187956,False,True
2024-03-05,2083.8214111328125,2151.5784912109375,2111.39990234375,2133.5,-0.022830135029037135,True,True
2024-03-06,2099.964285714286,2167.035714285714,2125.5,2150.300048828125,0.003888897779810274,True,True
2024-03-07,2114.4071655273438,2186.1929321289062,2147.0,2163.0,-0.09512295518443362,True,True
2024-03-08,2120.2642647879466,2195.7357352120534,2166.300048828125,2194.89990234375,0.07843530668015475,True,True
2024-03-11,2135.571515764509,2221.628679547991,2177.199951171875,2184.0,-0.20319871866926742,True,True
2024-03-12,2141.614275251116,2223.385724748884,2160.39990234375,2182.699951171875,0.006349196183764505,True,True
2024-03-13,2124.3998500279017,2196.3999546595983,2162.5,2175.39990234375,-0.13582021112456985,True,True
2024-03-14,2144.5641566685267,2206.2356480189733,2162.300048828125,2163.0,-0.29242438010495386,True,True
2024-03-15,2134.0928780691966,2191.9071219308034,2157.300048828125,2161.699951171875,-0.2553697627588671,True,True
2024-03-18,2132.4858049665177,2182.1142926897323,2146.199951171875,2160.699951171875,-0.1830599503191939,True,True
2024-03-19,2136.2071358816966,2185.1927664620534,2156.10009765625,2156.300048828125,-0.29843437491649205,True,True
2024-03-20,2138.728672572545,2173.871425083705,2150.89990234375,2185.89990234375,-0.25758674430022044,False,True
2024-03-21,2134.2856794084823,2181.5141252790177,2182.39990234375,2211.60009765625,-0.3,False,True
2024-03-22,2152.0570765904017,2212.7427280970983,2157.5,2179.60009765625,-0.06680444673599614,True,True
2024-03-25,2125.6358642578125,2190.5643310546875,2166.199951171875,2179.39990234375,-0.14665150642286454,True,True
2024-03-26,2140.578683035714,2209.021414620536,2175.60009765625,2182.699951171875,-0.21457063719307068,True,True
2024-03-27,2140.90731375558,2210.29288155692,2172.10009765625,2196.199951171875,-0.006632470080349229,True,True
2024-03-28,2153.8502022879466,2227.3499930245534,2187.10009765625,2234.10009765625,0.20798125703729914,False,True
2024-04-01,2171.5642613002233,2263.2355433872767,2230.0,2264.199951171875,0.17751253128323402,False,True
2024-04-02,2188.1357770647323,2284.8642229352677,2247.60009765625,2279.199951171875,0.16144302373232478,True,True
2024-04-03,2214.9929722377233,2307.0070277622767,2267.89990234375,2298.800048828125,0.131464312529134,True,True
2024-04-04,2245.6285574776784,2343.1712472098216,2280.0,2302.89990234375,0.022963035515402686,True,True
2024-04-05,2239.6858258928573,2337.9142717633927,2267.39990234375,2328.39990234375,0.5668249623073496,True,True
2024-04-08,2265.2071358816966,2386.1927664620534,2319.0,2341.800048828125,0.04883665957795991,True,True
2024-04-09,2271.485665457589,2391.914236886161,2337.800048828125,2364.699951171875,0.10930418984406204,True,True
2024-04-10,2286.285714285714,2400.714285714286,2327.699951171875,2358.10009765625,0.14935374650207717,True,True
2024-04-11,2275.900076729911,2383.300118582589,2330.60009765625,2376.300048828125,0.36172038043600546,True,True
2024-04-12,2300.2428850446427,2409.3572126116073,2334.300048828125,2429.0,0.7777984183173619,False,True
2024-04-15,2289.449951171875,2422.949951171875,2326.0,2384.699951171875,0.6158737581292937,True,True
2024-04-16,2291.3786097935267,2440.2214878627233,2371.39990234375,2390.800048828125,0.012257559138559526,True,True
2024-04-17,2324.0928955078125,2457.5072021484375,2369.300048828125,2391.39990234375,0.03794908849445994,True,True
2024-04-18,2305.142839704241,2438.257062639509,2368.39990234375,2384.39990234375,-0.05283734629279682,True,True
2024-04-19,2319.3857945033483,2445.2143031529017,2377.300048828125,2399.800048828125,0.03812160426987965,True,True
2024-04-22,2337.178536551339,2459.621268136161,2326.89990234375,2383.300048828125,-0.24374115234281218,False,True
2024-04-23,2265.664289202009,2398.735613141741,2294.199951171875,2330.800048828125,0.2783880424283513,True,True
2024-04-24,2273.314278738839,2382.085623604911,2314.60009765625,2328.699951171875,-0.09435034548376683,True,True
2024-04-25,2279.6714913504466,2369.3285086495534,2305.0,2329.800048828125,0.025991425684554703,True,True
2024-04-26,2285.014386858259,2374.585710797991,2332.800048828125,2347.89990234375,-0.1023753270927712,True,True
2024-04-29,2290.8715297154017,2378.7285679408483,2327.89990234375,2345.5,-0.07333688674938743,True,True
2024-04-30,2301.12850516183,2389.67129952567,2291.39990234375,2322.5,-1.269807495901823,False,True
2024-05-01,2240.37850516183,2342.42129952567,2283.800048828125,2327.300048828125,0.3294825997406687,True,True
2024-05-02,2254.87850516183,2344.92129952567,2292.300048828125,2324.699951171875,0.1345054935819211,True,True
2024-05-03,2255.378574916295,2343.021327427455,2277.60009765625,2301.0,0.008626636315401559,True,True
2024-05-06,2253.1857561383927,2344.8142438616073,2314.199951171875,2325.5,-0.146733380655665,True,True
2024-05-07,2275.4215785435267,2367.7786167689733,2315.199951171875,2324.300048828125,-0.17791116639669524,True,True
2024-05-08,2270.949951171875,2359.449951171875,2313.60009765625,2313.60009765625,-0.3,True,True
2024-05-09,2272.77872140067,2354.42147391183,2310.699951171875,2339.5,0.05783995122345276,True,True
2024-05-10,2296.6787109375,2367.521484375,2367.300048828125,2367.300048828125,-0.3,True,True
2024-05-13,2333.657244001116,2400.942853655134,2336.10009765625,2358.300048828125,-0.07856450353498326,True,True
2024-05-14,2302.714425223214,2369.485770089286,2336.0,2358.0,-0.07624175726726157,True,True
2024-05-15,2320.314208984375,2386.485595703125,2356.0,2388.699951171875,0.002162672920984654,False,True
2024-05-16,2353.728533063616,2423.671369280134,2380.0,2392.199951171875,-0.1754525816516619,True,True
2024-05-17,2344.364327566964,2415.635672433036,2380.699951171875,2415.800048828125,0.06630942445138399,False,True
2024-05-20,2369.235665457589,2455.164236886161,2409.699951171875,2435.800048828125,0.013195613609053691,True,True
2024-05-21,2391.514177594866,2476.285627092634,2421.0,2429.5,-0.2005853288548632,True,True
2024-05-22,2384.0928083147323,2459.3070940290177,2375.800048828125,2417.60009765625,0.05769512611476885,False,True
2024-05-23,2348.4428187779017,2429.9570835658483,2335.0,2371.199951171875,-1.7210829039406426,False,True
2024-05-24,2287.3428780691966,2382.6571219308034,2332.5,2345.39990234375,-0.12527639886404557,True,True
2024-05-28,2289.642909458705,2375.357090541295,2336.89990234375,2359.699951171875,-0.010753643379007138,True,True
2024-05-29,2309.128574916295,2401.271327427455,2340.300048828125,2340.300048828125,-0.3,True,True
2024-05-30,2298.707275390625,2381.892822265625,2320.800048828125,2349.5,0.05440974331993215,True,True
2024-05-31,2300.750017438616,2385.049787248884,2319.0,2354.0,0.13554883651945193,True,True
2024-06-03,2276.0142822265625,2369.7855224609375,2312.0,2347.5,0.1801954043926821,True,True
2024-06-04,2301.943028041295,2391.257167271205,2313.89990234375,2347.699951171875,0.13636187474574024,True,True
2024-06-05,2285.214338030134,2365.785661969866,2326.199951171875,2354.300048828125,0.042602848021920325,True,True
2024-06-06,2310.4072614397323,2397.7929338727677,2355.0,2375.800048828125,-0.03673594546210002,True,True
2024-06-07,2327.7857840401784,2412.8143136160716,2285.39990234375,2385.10009765625,-2.455139457701957,False,True
2024-06-10,2244.5141950334823,2365.8857073102677,2290.5,2309.300048828125,-0.008397741307264284,True,True
2024-06-11,2249.1356026785716,2366.2642996651784,2300.0,2314.10009765625,-0.08478482517701183,True,True
2024-06-12,2253.4142020089284,2361.5857979910716,2310.300048828125,2338.699951171875,0.11847381396585882,True,True
2024-06-13,2282.8356410435267,2389.1643589564733,2296.199951171875,2317.699951171875,0.008536005637578059,True,True
2024-06-14,2245.7498779296875,2354.6500244140625,2305.800048828125,2331.39990234375,0.08016288384646603,True,True
2024-06-17,2276.435564313616,2386.364240373884,2309.60009765625,2320.199951171875,-0.1449905346065113,True,True
2024-06-18,2257.4141671316966,2367.3856375558034,2311.800048828125,2330.39990234375,-0.024673679542504157,True,True
2024-06-20,2292.792811802455,2368.006992885045,2328.300048828125,2354.0,-0.004861216708711036,True,True
2024-06-21,2314.7144077845983,2392.8856898716517,2316.39990234375,2331.199951171875,-0.12761006851040785,True,True
2024-06-24,2272.3213936941966,2360.4784109933034,2322.699951171875,2332.89990234375,-0.16660838426005292,True,True
2024-06-25,2289.0714808872767,2370.9285191127233,2316.60009765625,2333.0,-0.09833184257126429,True,True
2024-06-26,2280.6858956473216,2352.5142996651784,2298.0,2314.39990234375,-0.11727553158586287,True,True
2024-06-27,2265.9857177734375,2332.4141845703125,2295.0,2329.0,0.05551605640683255,True,True
2024-06-28,2288.6714390345983,2360.3285609654017,2319.0,2338.300048828125,-0.08686006676142058,True,True
2024-07-01,2291.721348353795,2363.678553989955,2321.699951171875,2329.699951171875,-0.21153943908256048,True,True
2024-07-02,2295.4143415178573,2359.7858537946427,2323.0,2334.60009765625,-0.18596829534470288,True,True
2024-07-03,2296.3428257533483,2349.6571742466517,2330.89990234375,2361.60009765625,-0.1601385784866027,False,True
2024-07-05,2328.40713936942,2391.19295828683,2354.89990234375,2388.5,0.01056110843337732,True,True
2024-07-08,2353.4213344029017,2423.5786655970983,2352.800048828125,2383.800048828125,0.011180774932205095,False,True
2024-07-09,2316.45703125,2393.94287109375,2360.10009765625,2363.699951171875,-0.2584201362188894,True,True
2024-07-10,2326.821463448661,2393.378731863839,2365.800048828125,2377.0,-0.18892951515702214,True,True
2024-07-11,2339.43563406808,2404.96426827567,2378.699951171875,2416.699951171875,-0.047019390455353194,False,True
2024-07-12,2374.4142543247767,2455.5857456752233,2391.300048828125,2414.0,-0.03976238977323676,True,True
2024-07-15,2370.8214285714284,2457.1785714285716,2422.89990234375,2436.0,-0.1424366519169797,True,True
2024-07-16,2383.278494698661,2462.521309988839,2427.39990234375,2462.39990234375,0.09101467329659563,True,True
2024-07-17,2421.514229910714,2503.285574776786,2454.800048828125,2473.10009765625,-0.09625683144466293,True,True
2024-07-18,2417.6429268973216,2491.9571707589284,2451.800048828125,2466.0,-0.15408158838940036,True,True
2024-07-19,2413.4215087890625,2490.1785888671875,2395.5,2419.199951171875,-2.4314801788077753,False,True
2024-07-22,2348.6785714285716,2442.3214285714284,2392.0,2402.10009765625,-0.17007925327700327,True,True
2024-07-23,2352.549979073661,2431.450020926339,2388.699951171875,2404.60009765625,-0.11878107517793379,True,True
2024-07-24,2366.821463448661,2442.378731863839,2411.60009765625,2421.0,-0.19784907328843246,True,True
2024-07-25,2376.721435546875,2449.878662109375,2351.89990234375,2365.5,-3.38559226381876,False,True
2024-07-26,2310.628400530134,2393.171404157366,2368.699951171875,2386.89990234375,-0.07844771189119565,True,True
2024-07-29,2335.1499372209823,2424.8500627790177,2377.300048828125,2377.300048828125,-0.3,True,True
2024-07-30,2334.9142717633927,2419.6858258928573,2373.800048828125,2409.300048828125,0.1325659251664943,True,True
2024-07-31,2367.07137625558,2442.92862374442,2402.800048828125,2447.60009765625,0.1375230071198179,False,True
2024-08-01,2381.135672433036,2471.864327566964,2430.39990234375,2455.10009765625,0.004785682104894773,True,True
2024-08-02,2386.9142543247767,2483.0857456752233,2416.0,2477.0,0.47685403317210723,True,True
2024-08-05,2368.05704171317,2483.34286063058,2367.39990234375,2449.800048828125,0.8531516079885673,False,True
2024-08-06,2339.55704171317,2463.84286063058,2380.0,2421.800048828125,0.31797650228971014,True,True
2024-08-07,2325.5000348772323,2452.7001604352677,2384.5,2401.0,-0.051969333225858866,True,True
2024-08-08,2323.94278390067,2457.05721609933,2384.300048828125,2422.800048828125,0.2883522358325051,True,True
2024-08-09,2354.9998779296875,2489.4000244140625,2418.5,2432.10009765625,-0.09515477734610994,True,True
2024-08-12,2371.5857282366073,2492.6144670758927,2432.0,2469.800048828125,0.24286498893539127,True,True
2024-08-13,2399.9141148158483,2524.8856898716517,2456.5,2470.0,-0.10689560566437442,True,True
2024-08-14,2414.392735072545,2519.007167271205,2439.39990234375,2472.10009765625,0.1283991712377282,True,True
2024-08-15,2397.74267578125,2481.05712890625,2431.199951171875,2467.699951171875,0.1195603745456068,True,True
2024-08-16,2412.578595842634,2493.621599469866,2451.39990234375,2508.0,0.1698441631552834,False,True
2024-08-19,2449.4857177734375,2547.7144775390625,2487.199951171875,2508.5,-0.036391296930652406,True,True
2024-08-20,2456.3713727678573,2547.2287248883927,2500.699951171875,2527.300048828125,0.012043404841470873,True,True
2024-08-21,2463.0856584821427,2559.5144391741073,2503.89990234375,2515.39990234375,-0.16047917694172326,True,True
2024-08-22,2465.8212367466517,2550.9785679408483,2471.10009765625,2504.10009765625,0.0671513400767485,True,True
2024-08-23,2431.22127859933,2526.57852608817,2486.5,2508.39990234375,-0.030520000388237267,True,True
2024-08-26,2461.4070347377233,2555.3927699497767,2509.10009765625,2523.10009765625,-0.132656720005716,True,True
2024-08-27,2475.3784702845983,2560.0214320591517,2506.89990234375,2523.10009765625,-0.12181976516587706,True,True
2024-08-28,2482.3356410435267,2549.6643589564733,2501.0,2501.0,-0.3,True,True
2024-08-29,2468.6856515066966,2533.3143484933034,2503.89990234375,2525.699951171875,-0.11715751412746489,True,True
2024-08-30,2493.7927769252233,2557.6071254185267,2493.800048828125,2525.39990234375,-0.04582184642527487,True,True
2024-09-03,2457.521466936384,2530.078630719866,2476.300048828125,2501.800048828125,-0.05231734093418322,True,True
2024-09-04,2456.1498500279017,2523.6499546595983,2483.5,2493.39990234375,-0.21119753288631404,True,True
2024-09-05,2463.849870954241,2522.949933733259,2493.39990234375,2513.300048828125,-0.1534832074292845,True,True
2024-09-06,2480.735595703125,2542.064208984375,2483.699951171875,2517.89990234375,-0.03734393855369844,True,True
2024-09-09,2458.97860281808,2528.02139718192,2491.300048828125,2504.699951171875,-0.1768641762268145,True,True
2024-09-10,2467.6215297154017,2535.9785679408483,2512.300048828125,2512.300048828125,-0.3,True,True
2024-09-11,2481.164376395089,2543.435721261161,2502.300048828125,2525.800048828125,-0.1153365680331428,True,True
2024-09-12,2482.764404296875,2541.435791015625,2523.39990234375,2557.0,-0.17157359630624197,False,True
2024-09-13,2517.7071358816966,2584.6927664620534,2565.0,2581.800048828125,-0.15884280622651278,True,True
2024-09-16,2543.3714773995534,2619.2286202566966,2580.39990234375,2580.39990234375,-0.3,True,True
2024-09-17,2546.5427594866073,2614.2570452008927,2564.300048828125,2581.800048828125,-0.154734387093049,True,True
2024-09-18,2534.021466936384,2594.578630719866,2549.199951171875,2570.699951171875,-0.147059619651999,True,True
2024-09-19,2538.68563406808,2602.71426827567,2566.0,2588.0,-0.12979817986471848,True,True
2024-09-20,2553.52139718192,2622.47860281808,2590.39990234375,2621.800048828125,-0.03486886334649869,True,True
2024-09-23,2583.2141462053573,2656.5856584821427,2626.5,2626.5,-0.3,True,True
2024-09-24,2598.0213448660716,2654.9786551339284,2625.5,2662.300048828125,-0.12699023647309451,False,True
2024-09-25,2621.392735072545,2681.007167271205,2649.300048828125,2664.199951171875,-0.20645038764300477,True,True
2024-09-26,2626.3927873883927,2692.0071149553573,2660.800048828125,2669.89990234375,-0.23291390133309425,True,True
2024-09-27,2638.54989188058,2701.24991280692,2641.699951171875,2672.10009765625,-0.0943255184227188,True,True
2024-09-30,2611.0428641183034,2677.5572335379466,2623.199951171875,2662.10009765625,-0.0030815423428121602,True,True
2024-10-01,2599.221452985491,2672.978742327009,2631.39990234375,2670.89990234375,0.04755760832110356,True,True
2024-10-02,2629.1999860491073,2705.4001116071427,2640.0,2657.199951171875,-0.14686807581907935,True,True
2024-10-03,2604.5643310546875,2689.6358642578125,2640.0,2657.10009765625,-0.12775953472907528,True,True
2024-10-04,2618.7857491629466,2695.4144461495534,2639.0,2667.0,-0.0471585686710706,True,True
2024-10-07,2604.678536551339,2686.921561104911,2639.0,2657.39990234375,-0.12007543056839429,True,True
2024-10-08,2602.028547014509,2687.571550641741,2609.300048828125,2639.0,0.0010832778156955047,True,True
2024-10-09,2571.135672433036,2658.864327566964,2603.0,2607.699951171875,-0.2503150733748868,True,True
2024-10-10,2567.89998953683,2644.10001046317,2602.5,2628.300048828125,-0.05892496999242816,True,True
2024-10-11,2585.435791015625,2655.764404296875,2638.199951171875,2658.10009765625,-0.15218851220985463,False,True
2024-10-14,2620.25008719308,2694.95010811942,2647.800048828125,2655.300048828125,-0.23419643273858087,True,True
2024-10-15,2612.014334542411,2683.585763113839,2661.39990234375,2661.39990234375,-0.3,True,True
2024-10-16,2628.699933733259,2694.099870954241,2674.0,2674.0,-0.3,True,True
2024-10-17,2642.5428466796875,2705.4571533203125,2677.199951171875,2691.699951171875,-0.20172477177302459,True,True
2024-10-18,2663.3571428571427,2718.6428571428573,2713.699951171875,2719.60009765625,-0.2752134920910999,False,True
2024-10-21,2682.499930245536,2744.899972098214,2719.5,2738.39990234375,-0.17893088871636964,True,True
2024-10-22,2692.135811941964,2754.064383370536,2728.60009765625,2746.0,-0.19123844758462613,True,True
2024-10-23,2716.3642578125,2772.03564453125,2714.199951171875,2742.5,-0.39064498578939455,False,True
2024-10-24,2682.2356480189733,2746.5641566685267,2729.0,2736.10009765625,-0.25199359669930566,True,True
2024-10-25,2700.9998604910716,2768.7999441964284,2725.5,2742.39990234375,-0.17797811659139046,True,True
2024-10-28,2706.0784737723216,2775.7213309151784,2729.5,2742.89990234375,-0.1998631581707213,True,True
2024-10-29,2708.99991280692,2776.79989188058,2768.39990234375,2768.39990234375,-0.3,True,True
2024-10-30,2735.164219447545,2801.635585239955,2774.60009765625,2789.0,-0.20239860482586328,True,True
2024-10-31,2756.1428571428573,2820.8571428571427,2733.5,2787.5,-2.0207659309960317,False,True
2024-11-01,2699.0643136160716,2777.5357840401784,2734.199951171875,2756.0,-0.11029837187628178,True,True
2024-11-04,2701.12149483817,2776.07870047433,2736.10009765625,2737.10009765625,-0.2917482059897561,True,True
2024-11-05,2702.735822405134,2769.464372907366,2740.300048828125,2743.89990234375,-0.2746764040585188,True,True
2024-11-06,2708.8857945033483,2771.7143031529017,2659.39990234375,2734.5,-4.65823882017782,False,True
2024-11-07,2621.721505301339,2713.478690011161,2662.5,2699.10009765625,0.08685176870436379,True,True
2024-11-08,2650.1427176339284,2746.6570870535716,2682.89990234375,2694.60009765625,-0.17412185709426595,True,True
2024-11-11,2640.335693359375,2734.664306640625,2611.199951171875,2671.699951171875,-3.2182157944946432,False,True
2024-11-12,2559.471348353795,2662.928553989955,2592.800048828125,2605.5,-0.14888441833594743,True,True
2024-11-13,2549.0,2651.0,2580.800048828125,2611.800048828125,0.06821266968325795,True,True
2024-11-14,2523.6929059709823,2637.9071916852677,2554.199951171875,2576.199951171875,-0.018240872336411806,True,True
2024-11-15,2507.0641741071427,2629.3357282366073,2565.699951171875,2565.699951171875,-0.3,True,True
2024-11-18,2521.3642054966517,2610.0356968470983,2589.39990234375,2610.699951171875,-0.07239393330337962,False,True
2024-11-19,2564.464372907366,2656.735822405134,2619.300048828125,2627.699951171875,-0.20739533444761898,True,True
2024-11-20,2580.6215471540177,2673.5786481584823,2638.5,2648.199951171875,-0.19364823589720315,True,True
2024-11-21,2613.5500139508927,2682.8498883928573,2655.699951171875,2672.10009765625,-0.16784402626763015,True,True
2024-11-22,2636.2715366908483,2707.9286586216517,2685.60009765625,2710.5,-0.11589289532423791,False,True
2024-11-25,2672.4856480189733,2747.3141566685267,2616.800048828125,2689.39990234375,-6.322132718807264,False,True
2024-11-26,2565.1358468191966,2668.4642508370534,2620.300048828125,2625.60009765625,-0.2372002752215258,True,True
2024-11-27,2567.2858363560267,2673.3142613002233,2627.199951171875,2657.89990234375,0.06865143989532507,True,True
2024-11-29,2588.471435546875,2691.328369140625,2620.699951171875,2664.300048828125,0.20787271025733906,True,True
2024-12-02,2599.892909458705,2714.107090541295,2621.699951171875,2649.800048828125,0.04427132195121808,True,True
2024-12-03,2574.74991280692,2695.04989188058,2636.0,2654.699951171875,-0.061731993872344126,True,True
2024-12-04,2585.428553989955,2703.971348353795,2637.0,2658.300048828125,-0.03206866120889135,True,True
2024-12-05,2598.1929059709823,2709.4071916852677,2625.699951171875,2655.0,0.05444764454526074,True,True
2024-12-06,2584.6643415178573,2668.5358537946427,2617.5,2643.10009765625,-0.0415986097926867,True,True
2024-12-09,2593.0643310546875,2684.1358642578125,2630.800048828125,2677.10009765625,0.19606601674008928,True,True
2024-12-10,2617.4998081752233,2712.2999965122767,2661.0,2698.199951171875,0.10365868304782411,True,True
2024-12-11,2651.571463448661,2743.628731863839,2693.10009765625,2733.800048828125,0.12278665304859437,True,True
2024-12-12,2686.6142926897323,2780.9858049665177,2677.39990234375,2725.10009765625,0.09802967878094876,False,True
2024-12-13,2632.471365792411,2742.528634207589,2647.89990234375,2689.300048828125,0.1881084388301263,True,True
2024-12-16,2596.6642020089284,2715.3357979910716,2651.0,2663.300048828125,-0.14618371954339096,True,True
2024-12-17,2595.706961495536,2707.092843191964,2632.5,2652.300048828125,-0.05993205747148048,True,True
2024-12-18,2589.9498291015625,2698.8499755859375,2590.199951171875,2647.10009765625,0.3839874672662686,True,True
2024-12-19,2579.778477260045,2693.221522739955,2582.10009765625,2610.300048828125,0.04836215408724365,True,True
2024-12-20,2531.792724609375,2652.607177734375,2604.89990234375,2631.60009765625,0.049259086300368515,True,True
2024-12-23,2568.5712541852677,2688.8286481584823,2611.10009765625,2627.699951171875,-0.08778437909606521,True,True
2024-12-24,2560.4857003348216,2664.1143973214284,2609.5,2620.0,-0.17502014427402238,True,True
2024-12-26,2574.807111467634,2665.192888532366,2627.89990234375,2638.800048828125,-0.18242879886022634,True,True
2024-12-27,2592.2143031529017,2685.3857945033483,2616.39990234375,2617.699951171875,-0.28583163400568723,True,True
2024-12-30,2570.05704171317,2664.34286063058,2597.0,2626.89990234375,0.03337942902911367,True,True
2024-12-31,2564.7429547991073,2647.4572405133927,2604.89990234375,2629.199951171875,-0.05412242815900359,True,True
2025-01-02,2594.2927769252233,2664.1071254185267,2633.0,2663.10009765625,-0.050939313434898076,True,True
2025-01-03,2625.17129952567,2692.62850516183,2641.800048828125,2658.699951171875,-0.17009704738577758,True,True
2025-01-06,2611.3785400390625,2678.6214599609375,2617.300048828125,2647.0,-0.06982534646574412,True,True
2025-01-07,2600.6641671316966,2676.1356375558034,2653.0,2657.5,-0.25943992481146605,True,True
2025-01-08,2618.899919782366,2694.499982561384,2653.5,2676.89990234375,-0.09174754541266139,True,True
2025-01-09,2626.4857352120534,2702.5142647879466,2667.89990234375,2686.300048828125,-0.13622896595098669,True,True
2025-01-10,2647.521466936384,2720.078630719866,2683.699951171875,2720.10009765625,0.0017110357215643357,False,True
2025-01-13,2669.6285400390625,2747.3714599609375,2673.5,2711.199951171875,0.03225802750998619,True,True
2025-01-14,2633.814296177455,2713.185703822545,2670.800048828125,2688.300048828125,-0.13807548587359153,True,True
2025-01-15,2637.7285505022323,2717.2714494977677,2690.800048828125,2712.5,-0.09937826663650995,True,True
2025-01-16,2671.5928257533483,2753.4071742466517,2731.699951171875,2749.800048828125,-0.13228298263046137,True,True
2025-01-17,2701.5927385602677,2791.2070661272323,2725.5,2751.60009765625,-0.04326758345659115,True,True
2025-01-21,2698.9142717633927,2789.6858258928573,2724.800048828125,2755.0,0.0007033814072389677,True,True
2025-01-22,2707.8142438616073,2802.1857561383927,2753.5,2768.800048828125,-0.14391644847987808,True,True
2025-01-23,2724.935791015625,2810.264404296875,2745.39990234375,2765.0,-0.11817684772579748,True,True
2025-01-24,2723.757167271205,2802.443028041295,2759.800048828125,2792.0,-0.02423820354445927,True,True
2025-01-27,2734.80712890625,2819.79296875,2737.5,2762.199951171875,-0.07330146096843251,True,True
2025-01-28,2693.978498186384,2781.021501813616,2738.0,2766.800048828125,-0.022125332916038076,True,True
2025-01-29,2724.992832728795,2808.607264927455,2769.10009765625,2769.10009765625,-0.3,True,True
2025-01-30,2732.392892020089,2805.807303292411,2770.0,2829.5,-0.01925535490440433,False,True
2025-01-31,2779.82137625558,2866.17862374442,2804.0,2838.0,0.006911243099842035,True,True
2025-02-03,2765.3142438616073,2859.6857561383927,2780.89990234375,2848.39990234375,0.3635563341242189,True,True
2025-02-04,2777.0070452008927,2890.7927594866073,2816.10009765625,2853.300048828125,0.11114106321780115,True,True
2025-02-05,2795.335763113839,2911.264334542411,2848.0,2880.5,0.05925720923566408,True,True
2025-02-06,2815.20010811942,2928.00008719308,2836.300048828125,2871.699951171875,0.08100765545252586,True,True
2025-02-07,2798.292898995536,2913.707101004464,2857.800048828125,2889.5,0.04897427252603381,True,True
2025-02-10,2802.907244001116,2931.692853655134,2863.800048828125,2916.10009765625,0.3074324091979868,True,True
2025-02-11,2851.6429268973216,2976.9571707589284,2890.0,2945.39990234375,0.31891797170572384,True,True
2025-02-12,2845.2571847098216,2979.7428152901784,2868.60009765625,2912.300048828125,0.2065076923613312,True,True
2025-02-13,2846.8143484933034,2971.1856515066966,2910.60009765625,2937.699951171875,0.0023722286239825086,True,True
2025-02-14,2865.5356794084823,2986.2641252790177,2874.800048828125,2944.39990234375,0.457000757309809,True,True
2025-02-18,2815.285906110491,2951.914289202009,2873.800048828125,2936.39990234375,0.4418141269343742,True,True
2025-02-19,2857.457345145089,3005.742850167411,2917.10009765625,2946.0,0.046732983767177494,True,True
2025-02-20,2846.2428850446427,2992.5569196428573,2924.199951171875,2955.800048828125,0.07922792739161333,True,True
2025-02-21,2870.2501046316966,3009.7498953683034,2917.300048828125,2940.0,-0.03598933995358278,True,True
2025-02-24,2874.85733468192,3000.34286063058,2933.10009765625,2957.89990234375,-0.026113147466580167,True,True
2025-02-25,2889.250017438616,3006.549787248884,2890.0,2943.199951171875,0.26218265073400965,True,True
2025-02-26,2839.5929827008927,2969.4070172991073,2913.0,2917.0,-0.25425131439278476,True,True
2025-02-27,2864.1287144252233,2969.4713832310267,2870.39990234375,2922.800048828125,0.22517790319832437,True,True
2025-02-28,2832.71426827567,2933.68563406808,2834.10009765625,2877.10009765625,0.12630175359727364,True,True
2025-03-03,2781.9858049665177,2891.6142926897323,2863.39990234375,2891.800048828125,0.004269790181865685,False,True
2025-03-04,2831.4000244140625,2948.9998779296875,2886.10009765625,2927.89990234375,0.15654926142018566,True,True
2025-03-05,2846.707345145089,2972.492850167411,2893.0,2922.0,0.02543686675889706,True,True
2025-03-06,2851.507254464286,2979.092843191964,2903.800048828125,2918.60009765625,-0.13316665065243385,True,True
2025-03-07,2862.042986188616,2971.157209123884,2900.5,2927.300048828125,-0.024771073340786265,True,True
2025-03-10,2847.078543526786,2962.321358816964,2880.199951171875,2915.10009765625,0.0736229593417616,True,True
2025-03-11,2837.128592354911,2944.871407645089,2880.39990234375,2916.699951171875,0.0751258884479098,True,True
2025-03-12,2861.771309988839,2964.028494698661,2910.0,2939.10009765625,-0.013929244644178884,True,True
2025-03-13,2893.521484375,2984.6787109375,2935.199951171875,2988.0,0.13464452882181982,False,True
2025-03-14,2936.364240373884,3032.235857282366,2986.0,3004.800048828125,-0.13208951376143013,True,True
2025-03-17,2948.3856201171875,3040.6143798828125,2989.0,3001.5,-0.19293344138234086,True,True
2025-03-18,2954.378487723214,3045.621512276786,3004.39990234375,3039.199951171875,-0.006048851350890894,True,True
2025-03-19,2986.821463448661,3083.378731863839,3030.89990234375,3050.89990234375,-0.12586979728092423,True,True
2025-03-20,2990.8141566685267,3080.9856480189733,3034.39990234375,3047.300048828125,-0.19483676085662047,True,True
2025-03-21,2999.9285191127233,3080.0714808872767,3000.89990234375,3037.5,-0.040538545306475826,True,True
2025-03-24,2975.985613141741,3060.414289202009,3006.0,3024.300048828125,-0.159402045933383,True,True
2025-03-25,2978.2786167689733,3047.9215785435267,3023.699951171875,3028.800048828125,-0.27029198125489107,True,True
2025-03-26,2989.907052176339,3057.492850167411,3019.5,3033.199951171875,-0.22548560435055076,True,True
2025-03-27,2986.849870954241,3054.949933733259,3025.5,3065.0,-0.1369017406695017,False,True
2025-03-28,3025.0998883928573,3095.3000139508927,3066.800048828125,3094.89990234375,-0.14109364037853783,True,True
2025-03-31,3048.2499476841517,3124.7500523158483,3086.0,3132.5,-0.05216742766068633,False,True
2025-04-01,3077.350027901786,3168.250069754464,3104.0,3149.5,0.05310049326690747,True,True
2025-04-02,3072.0784737723216,3165.7213309151784,3117.39990234375,3168.60009765625,0.08764127794917942,False,True
2025-04-03,3086.0284423828125,3193.7713623046875,3052.0,3166.89990234375,0.42485576965845956,False,True
2025-04-04,3021.871407645089,3172.128592354911,3011.0,3127.699951171875,-0.07589446930358307,False,True
2025-04-07,2914.799979073661,3109.200020926339,2949.699951171875,3050.800048828125,0.9882418846265462,True,True
2025-04-08,2841.8857421875,3060.71435546875,2968.39990234375,3014.5,0.3230127028922238,True,True
2025-04-09,2852.8784528459823,3083.9213518415177,2965.800048828125,3090.39990234375,1.3062065378786538,False,True
2025-04-10,2924.2428676060267,3188.7571323939733,3072.10009765625,3167.0,0.9833498126084745,True,True
2025-04-11,3009.01424734933,3301.38565499442,3182.10009765625,3235.0,0.4025967134790744,True,True
2025-04-14,3069.8857073102677,3374.5141950334823,3194.5,3228.800048828125,0.14779857043746036,True,True
2025-04-15,3069.7572021484375,3339.8428955078125,3214.0,3218.699951171875,-0.23972453184772602,True,True
2025-04-16,3105.6856863839284,3331.7142159598216,3238.300048828125,3334.89990234375,0.8411527838529436,False,True
2025-04-17,3210.3501499720983,3442.8500453404017,3287.800048828125,3345.0,0.37521985436686484,True,True
2025-04-21,3193.7357177734375,3423.6641845703125,3342.199951171875,3418.5,0.604139665989819,True,True
2025-04-22,3294.4071044921875,3517.9927978515625,3361.699951171875,3485.60009765625,1.1031315185971975,True,True
2025-04-23,3286.1357421875,3515.46435546875,3256.199951171875,3370.300048828125,-0.20548422170311115,False,True
2025-04-24,3147.750017438616,3404.850080217634,3304.89990234375,3353.89990234375,0.3048543021658426,True,True
2025-04-25,3194.1714390345983,3469.8285609654017,3266.10009765625,3355.5,0.798298456152575,True,True
2025-04-28,3128.3927699497767,3436.4070347377233,3284.5,3332.5,0.3142946309148829,True,True
2025-04-29,3192.6571219308034,3472.3428780691966,3299.89990234375,3340.0,0.19412021922095868,True,True
2025-04-30,3182.621425083705,3454.978672572545,3268.0,3318.699951171875,0.32421526454699473,True,True
2025-05-01,3181.4642333984375,3428.5357666015625,3198.60009765625,3275.0,0.6239066866322256,True,True
2025-05-02,3090.214285714286,3329.785714285714,3225.0,3257.0,0.09826347672468078,True,True
2025-05-05,3133.028494698661,3330.771309988839,3239.699951171875,3315.699951171875,0.5875257854656639,True,True
2025-05-06,3211.100027901786,3411.500069754464,3356.800048828125,3430.89990234375,0.32124429228790224,False,True
2025-05-07,3304.7284633091517,3518.0713413783483,3364.699951171875,3418.699951171875,0.30162868117456637,True,True
2025-05-08,3273.8927699497767,3488.9070347377233,3288.699951171875,3390.0,0.8445522238427259,True,True
2025-05-09,3175.978690011161,3417.221505301339,3299.0,3335.5,0.1401257810818365,True,True
2025-05-12,3217.32852608817,3453.47127859933,3205.0,3300.699951171875,0.6850051442019633,False,True
2025-05-13,3096.7857666015625,3343.2142333984375,3223.5,3251.39990234375,0.048315514946290605,True,True
2025-05-14,3120.428693498884,3360.171404157366,3171.699951171875,3233.0,0.4541325745773254,True,True
2025-05-15,3064.7856794084823,3298.0141252790177,3125.0,3228.10009765625,0.9888151976049804,True,True
2025-05-16,3107.6213902064733,3333.7785121372767,3173.89990234375,3228.10009765625,0.3616920895839783,True,True
2025-05-19,3068.8785400390625,3295.1214599609375,3228.300048828125,3241.0,-0.1425413452275027,True,True
2025-05-20,3124.8427385602677,3332.9570661272323,3207.5,3293.199951171875,0.7182321267685496,True,True
2025-05-21,3166.2143031529017,3394.3857945033483,3290.199951171875,3317.5,0.026385917513590984,True,True
2025-05-22,3215.185721261161,3403.414376395089,3282.699951171875,3328.0,0.20393675419964757,True,True
2025-05-23,3195.20711844308,3389.39297921317,3323.5,3363.60009765625,0.15412045323410117,True,True
2025-05-27,3265.9286063058034,3461.2715890066966,3296.300048828125,3341.0,0.19284487039860604,True,True
2025-05-28,3209.1000453404017,3389.1001499720983,3293.60009765625,3293.60009765625,-0.3,True,True
2025-05-29,3214.035801478795,3373.164393833705,3242.39990234375,3328.800048828125,0.6044183503656155,True,True
2025-05-30,3231.6643415178573,3402.5358537946427,3270.89990234375,3318.0,0.203224229979641,True,True
2025-06-02,3211.7355433872767,3366.0642613002233,3296.89990234375,3380.800048828125,0.4153597182744066,False,True
2025-06-03,3281.71426827567,3459.48592703683,3331.300048828125,3390.0,0.3231151564844342,True,True
2025-06-04,3258.442714146205,3441.957188197545,3344.0,3380.0,0.09015400465241313,True,True
2025-06-05,3289.307059151786,3457.692940848214,3343.699951171875,3400.0,0.28368214095367167,True,True
2025-06-06,3268.8641531808034,3432.5357491629466,3306.0,3364.300048828125,0.3028171736222662,True,True
2025-06-09,3229.5498570033483,3415.8500453404017,3290.0,3334.60009765625,0.1915930930312605,True,True
2025-06-10,3247.907156808036,3416.293038504464,3302.0,3344.300048828125,0.14632881655097724,True,True
2025-06-11,3237.7355433872767,3404.0642613002233,3321.300048828125,3356.0,0.06598096664104214,True,True
2025-06-12,3250.30712890625,3392.29296875,3353.39990234375,3395.89990234375,0.080068065551057,False,True
2025-06-13,3306.4998604910716,3455.2999441964284,3407.300048828125,3444.0,0.057774692769252234,True,True
2025-06-16,3350.992745535714,3511.407156808036,3385.39990234375,3442.0,0.2601582130560722,True,True
2025-06-17,3316.128400530134,3476.671404157366,3376.10009765625,3398.300048828125,-0.0768943819824511,True,True
2025-06-18,3314.0643310546875,3459.1358642578125,3365.10009765625,3391.89990234375,-0.042877142313918704,True,True
2025-06-20,3321.078630719866,3458.521466936384,3341.0,3372.89990234375,-0.0035440478209999293,True,True
2025-06-23,3297.985822405134,3438.214372907366,3350.0,3387.89990234375,0.059926009132425906,True,True
2025-06-24,3306.9857177734375,3448.4141845703125,3301.0,3358.0,0.18463253992424605,False,True
2025-06-25,3246.2356480189733,3388.5641566685267,3310.60009765625,3331.199951171875,-0.09806900166709748,True,True
2025-06-26,3265.043038504464,3389.157156808036,3332.39990234375,3333.5,-0.29011531862329665,True,True
2025-06-27,3282.200125558036,3384.799874441964,3253.800048828125,3318.699951171875,-0.7843196789492156,False,True
2025-06-30,3210.0786481584823,3337.3212541852677,3262.0,3306.89990234375,0.12111557085487418,True,True
2025-07-01,3226.9000069754466,3361.8997977120534,3310.10009765625,3354.10009765625,0.12335509930296135,True,True
2025-07-02,3266.8643101283483,3406.5355922154017,3329.0,3357.5,-0.02596923523906569,True,True
2025-07-03,3280.17862374442,3415.82137625558,3322.300048828125,3362.0,0.07338038125618579,True,True
2025-07-04,3271.707292829241,3391.492902483259,3332.5,3342.0,-0.2169071340413925,True,True
2025-07-07,3274.792898995536,3390.207101004464,3299.199951171875,3333.300048828125,-0.009964442066747237,True,True
2025-07-08,3268.5570940290177,3395.8428083147323,3287.60009765625,3334.5,0.12739159039127312,True,True
2025-07-09,3250.385724748884,3363.614275251116,3282.0,3314.0,-0.028138479712210507,True,True
2025-07-10,3257.75008719308,3365.45010811942,3311.60009765625,3330.5,-0.14625582533633558,True,True
2025-07-11,3272.292811802455,3362.506992885045,3330.5,3370.0,-0.08368086721540144,False,True
2025-07-14,3305.72860281808,3406.27139718192,3350.0,3375.5,-0.11030094273419591,True,True
2025-07-15,3304.2714494977677,3398.7285505022323,3329.800048828125,3341.0,-0.22184023678328144,True,True
2025-07-16,3280.150059291295,3379.450038364955,3329.5,3352.89990234375,-0.12536547652960364,True,True
2025-07-17,3305.142909458705,3399.857090541295,3313.800048828125,3340.800048828125,-0.11111657740696837,True,True
2025-07-18,3294.5001395089284,3385.7000558035716,3338.199951171875,3353.0,-0.20016006212502063,True,True
2025-07-21,3311.0857456752233,3394.9142543247767,3350.300048828125,3411.699951171875,-0.03386813901667113,False,True
2025-07-22,3350.87850516183,3452.92129952567,3395.60009765625,3441.0,0.03358994028892137,True,True
2025-07-23,3389.721452985491,3488.678449358259,3388.10009765625,3433.89990234375,0.0074473343065064035,False,True
2025-07-24,3339.135916573661,3449.064278738839,3367.0,3371.0,-0.2683647190132037,True,True
2025-07-25,3314.878644670759,3427.121355329241,3326.5,3345.0,-0.1492167572072121,True,True
2025-07-28,3273.357195172991,3394.642804827009,3309.10009765625,3326.800048828125,-0.14400591095960236,True,True
2025-07-29,3251.4144461495534,3366.7857491629466,3323.39990234375,3323.39990234375,-0.3,True,True
2025-07-30,3265.821446010045,3380.978358677455,3263.89990234375,3331.800048828125,0.26292821398812644,False,True
2025-07-31,3236.828683035714,3354.771414620536,3272.89990234375,3312.0,0.04454243016408266,True,True
2025-08-01,3235.578543526786,3350.821358816964,3281.0,3360.60009765625,0.30568655019970997,False,True
2025-08-04,3283.971348353795,3411.428553989955,3347.39990234375,3386.5,0.053906701965501735,True,True
2025-08-05,3308.099870954241,3440.699933733259,3351.199951171875,3387.199951171875,0.029808367345544262,True,True
2025-08-06,3317.42129952567,3446.37850516183,3361.300048828125,3383.300048828125,-0.1026884652101574,True,True
2025-08-07,3316.142804827009,3443.857195172991,3384.89990234375,3422.89990234375,0.038975997920835725,True,True
2025-08-08,3330.3142613002233,3470.2858363560267,3402.5,3477.0,0.33355041674965963,False,True
2025-08-11,3367.2286376953125,3510.9715576171875,3349.199951171875,3383.89990234375,-1.3770690275449986,False,True
2025-08-12,3270.3429129464284,3435.8572823660716,3330.10009765625,3356.199951171875,-0.029077118090175824,True,True
2025-08-13,3277.6070556640625,3420.1927490234375,3358.699951171875,3363.39990234375,-0.2545501501294527,True,True
2025-08-14,3292.678553989955,3424.721348353795,3328.89990234375,3356.0,-0.05049656608336048,True,True
2025-08-15,3270.5071149553573,3399.8927873883927,3335.89990234375,3346.800048828125,-0.19977335311579414,True,True
2025-08-18,3273.535714285714,3398.464285714286,3331.699951171875,3347.800048828125,-0.1553473997241421,True,True
2025-08-19,3274.9784807477677,3388.4214215959823,3313.39990234375,3343.5,-0.04727654979730783,True,True
2025-08-20,3266.6641148158483,3360.1356898716517,3310.10009765625,3343.5,-0.06398258344812174,True,True
2025-08-21,3308.771309988839,3378.028494698661,3326.5,3349.39990234375,-0.20552335099091945,True,True
2025-08-22,3302.957013811384,3370.842790876116,3349.39990234375,3377.699951171875,-0.2156008333529444,False,True
2025-08-25,3334.8212890625,3413.978515625,3366.0,3378.0,-0.23588837475559973,True,True
2025-08-26,3338.03573172433,3409.56436593192,3371.10009765625,3396.5,-0.18989719889448992,True,True
2025-08-27,3349.878679547991,3427.321515764509,3382.0,3404.60009765625,-0.1853995805676778,True,True
2025-08-28,3364.485822405134,3444.714372907366,3400.0,3434.60009765625,-0.11531438115654738,True,True
2025-08-29,3390.7214878627233,3472.8786097935267,3426.60009765625,3475.60009765625,-0.048209540692638886,False,True
2025-09-02,3429.2785121372767,3518.1213902064733,3485.699951171875,3559.199951171875,-0.10702744979820011,False,True
2025-09-03,3491.5641566685267,3607.2356480189733,3553.199951171875,3593.699951171875,0.007921860925138746,True,True
2025-09-04,3534.6142054966517,3651.7856968470983,3549.89990234375,3573.60009765625,-0.12190964870171242,True,True
2025-09-05,3500.507149832589,3631.092947823661,3567.800048828125,3613.199951171875,0.07585435973676574,True,True
2025-09-08,3543.1927664620534,3683.2071358816966,3590.0,3641.0,0.13255936277602387,True,True
2025-09-09,3562.0072195870534,3714.1929757254466,3627.800048828125,3670.39990234375,0.07552832686091154,True,True
2025-09-10,3565.492937360491,3721.107160295759,3620.800048828125,3655.39990234375,0.008084387914463309,True,True
2025-09-11,3568.878731863839,3718.321463448661,3618.39990234375,3636.89990234375,-0.13897513801895178,True,True
2025-09-12,3575.099923270089,3698.699881417411,3643.0,3656.800048828125,-0.1940154963350672,True,True
2025-09-15,3592.8284737723216,3705.9713309151784,3635.10009765625,3686.39990234375,0.0627970832367355,True,True
2025-09-16,3623.914289202009,3740.485613141741,3681.39990234375,3698.60009765625,-0.17710443913788532,True,True
2025-09-17,3637.085606166295,3740.714198521205,3661.60009765625,3685.199951171875,-0.1509246437329335,True,True
2025-09-18,3635.06436593192,3728.53573172433,3637.0,3667.39990234375,-0.1310839721669235,True,True
2025-09-19,3596.4927978515625,3690.9071044921875,3658.199951171875,3685.89990234375,-0.13993294983175802,True,True
2025-09-22,3622.6642543247767,3720.3357456752233,3688.0,3748.199951171875,-0.10793826434074624,False,True
2025-09-23,3680.828543526786,3800.571358816964,3740.0,3786.0,0.026740694529822917,True,True
2025-09-24,3715.1358642578125,3846.0643310546875,3732.10009765625,3772.5,0.002881897664211708,True,True
2025-09-25,3667.235822405134,3796.964372907366,3724.699951171875,3756.0,-0.06161945008508113,True,True
2025-09-26,3669.014229910714,3804.785574776786,3775.300048828125,3775.300048828125,-0.3,True,True
2025-09-29,3705.03573172433,3845.56436593192,3754.800048828125,3827.60009765625,0.27562924629527613,True,True
2025-09-30,3744.635585239955,3897.164219447545,3793.39990234375,3865.5,0.28897221323524663,True,True
2025-10-01,3758.1285574776784,3923.4715401785716,3853.300048828125,3891.89990234375,0.027407642772071028,True,True
2025-10-02,3790.3142438616073,3944.6857561383927,3823.699951171875,3888.60009765625,0.22373372434132804,True,True
2025-10-03,3758.4641636439733,3920.9357386997767,3853.699951171875,3886.800048828125,-0.02177187488434723,True,True
2025-10-06,3799.864240373884,3961.735857282366,3926.800048828125,3960.0,-0.02607916061329396,True,True
2025-10-07,3857.2999267578125,4039.7000732421875,3940.0,3981.5,0.054874708413913176,True,True
2025-10-08,3884.735770089286,4068.464425223214,3987.199951171875,4049.199951171875,0.22646978522388822,True,True
2025-10-09,3951.4786202566966,4135.121477399553,3940.0,4046.199951171875,0.10026013387001093,False,True
2025-10-10,3847.1715087890625,4045.4285888671875,3945.5,4012.0,0.2909940678229516,True,True
2025-10-13,3873.4713309151784,4078.3284737723216,4016.0,4111.0,0.2556384890105419,False,True
2025-10-14,3991.128679547991,4226.071515764509,4085.800048828125,4160.10009765625,0.36701600626919767,True,True
2025-10-15,4015.400216238839,4262.00017438616,4145.0,4210.60009765625,0.2930068196755688,True,True
2025-10-16,4055.164219447545,4298.635585239956,4196.60009765625,4307.0,0.6071114131342634,False,True
2025-10-17,4139.478777204241,4420.921613420759,4182.2001953125,4358.0,1.2851617060884866,True,True
2025-10-20,4027.064208984375,4352.735595703125,4214.60009765625,4356.60009765625,1.030317286927844,False,True
2025-10-21,4160.599870954241,4512.199933733259,4087.699951171875,4332.7001953125,-3.7260879373666476,False,True
2025-10-22,3872.8570731026784,4302.542829241072,4006.0,4148.5,1.1943057186330521,True,True
2025-10-23,3827.9713309151784,4260.828473772322,4070.699951171875,4136.7998046875,0.4026480692805015,True,True
2025-10-24,3905.192888532366,4345.807111467634,4074.89990234375,4120.60009765625,0.17608515593561858,True,True
2025-10-27,3902.6570347377233,4334.142769949777,3971.300048828125,4078.60009765625,0.8161841589854333,True,True
2025-10-28,3782.514229910714,4221.285574776785,3923.60009765625,3966.199951171875,0.1594286454512311,True,True
2025-10-29,3767.7071358816966,4164.692766462053,3983.699951171875,3983.699951171875,-0.3,True,True
2025-10-30,3817.1786063058034,4150.221296037947,3913.699951171875,4027.199951171875,0.8689572156872463,True,True
2025-10-31,3863.7501220703125,4138.8499755859375,3976.60009765625,4034.5,0.26566212042735243,True,True
2025-11-03,3862.7786167689733,4101.621285574777,3959.0,4020.0,0.27435961265451875,True,True
2025-11-04,3887.607264927455,4112.992832728794,3927.39990234375,3995.39990234375,0.32365733712101136,True,True
2025-11-05,3830.228585379464,4065.171316964286,3929.89990234375,3983.5,0.20777171383637155,True,True
2025-11-06,3882.86434500558,4077.73575265067,3979.89990234375,4007.5,-0.05951551403563102,True,True
2025-11-07,3893.3284214564733,4066.4713832310267,3980.800048828125,3999.39990234375,-0.1468962453670687,True,True
2025-11-10,3912.3998500279017,4086.3999546595983,4060.0,4111.7998046875,-0.08374389094316975,False,True
2025-11-11,4025.035487583705,4198.564121791294,4106.7998046875,4140.10009765625,-0.03898991166554544,True,True
2025-11-12,4025.3068324497767,4188.292776925223,4102.89990234375,4204.39990234375,0.34670638407585,False,True
2025-11-13,4114.228358677456,4294.571446010044,4163.7001953125,4228.7001953125,0.20268163650884735,True,True
2025-11-14,4098.421247209822,4275.378557477678,4047.0,4197.89990234375,-0.3090039807085841,False,True
2025-11-17,3978.271484375,4196.9287109375,4019.39990234375,4099.5,0.40504828668785126,True,True
2025-11-18,3947.721435546875,4188.878662109375,4035.60009765625,4063.39990234375,-0.044793863142148116,True,True
2025-11-19,3937.8928745814733,4184.707223074777,4072.0,4122.7001953125,0.17012301178258654,True,True
2025-11-20,3965.2212960379466,4190.178606305803,4040.199951171875,4090.39990234375,0.14817755932406718,True,True
2025-11-21,3940.39998953683,4172.600010463169,4031.800048828125,4085.199951171875,0.18572139137538152,True,True
2025-11-24,3970.9071044921875,4182.4927978515625,4060.5,4091.89990234375,-0.02618785636874449,True,True
2025-11-25,3993.3070765904017,4190.492728097098,4139.2001953125,4139.2001953125,-0.3,True,True
2025-11-26,4062.807285853795,4215.593104771206,4127.5,4171.0,0.011929617338270915,True,True
2025-11-28,4096.650163922991,4233.750226702009,4140.0,4223.89990234375,0.2481824896557931,True,True
2025-12-01,4138.778355189732,4297.821254185268,4214.89990234375,4262.10009765625,0.036887047981841725,True,True
2025-12-02,4162.821201869419,4315.778407505581,4167.0,4230.5,0.13758283752372985,True,True
2025-12-03,4105.385811941965,4267.814383370535,4195.7001953125,4234.10009765625,-0.01870340443904911,True,True
2025-12-04,4119.34978376116,4279.24982561384,4175.0,4211.7998046875,-0.034440957663809,True,True
2025-12-05,4130.692661830357,4292.906947544643,4194.5,4255.7001953125,0.14357262502567913,True,True
2025-12-08,4128.814208984375,4296.985595703125,4175.5,4215.7998046875,-0.00143593729198499,True,True
2025-12-09,4103.800258091518,4270.600132533482,4177.7001953125,4219.7001953125,0.012679381298568604,True,True
2025-12-10,4132.27880859375,4281.12158203125,4183.60009765625,4234.5,0.04850789241659953,True,True
2025-12-11,4121.18572126116,4271.61408342634,4214.2998046875,4286.89990234375,0.09714285082556956,False,True
2025-12-12,4206.385777064732,4364.614222935268,4260.0,4355.0,0.3580904539537206,True,True
2025-12-15,4210.80730329241,4389.39289202009,4292.89990234375,4349.2001953125,0.11819684904737904,True,True
2025-12-16,4213.228724888393,4400.171665736607,4270.5,4321.39990234375,0.0867322353847193,True,True
2025-12-17,4213.235735212053,4395.764264787947,4308.5,4351.39990234375,0.022041169419998896,True,True
2025-12-18,4254.821428571428,4440.178571428572,4328.2001953125,4348.10009765625,-0.1516537941667088,True,True
2025-12-19,4251.557163783482,4427.442836216518,4350.10009765625,4361.39990234375,-0.21798679516592667,True,True
2025-12-22,4279.671351841518,4443.128452845982,4371.10009765625,4447.60009765625,0.19525610434772145,False,True
2025-12-23,4363.792933872768,4525.407261439732,4450.39990234375,4503.7998046875,0.052916128666423645,True,True
2025-12-24,4409.664132254465,4555.935477120535,4468.39990234375,4503.39990234375,-0.08907995867425264,True,True
2025-12-26,4412.028773716518,4549.171421595982,4502.0,4556.2998046875,-0.03157285757093281,False,True
2025-12-29,4455.21452985491,4602.98566545759,4325.10009765625,4379.0,-8.918561925756036,False,True
2025-12-30,4217.550223214285,4432.649972098215,4338.0,4403.60009765625,0.22963364988197305,True,True
2025-12-31,4249.993059430803,4490.207135881697,4285.0,4363.7998046875,0.35554901013706536,True,True
2026-01-02,4191.950160435268,4459.250034877232,4314.39990234375,4350.60009765625,0.016869444701205494,True,True
2026-01-05,4191.464250837053,4437.335553850447,4384.7998046875,4443.5,0.14858810052181248,False,True
2026-01-06,4298.985595703125,4574.814208984375,4449.0,4482.2001953125,-0.016136675590974203,True,True
2026-01-07,4342.078683035715,4622.321707589285,4449.2998046875,4450.0,-0.2940630529152468,True,True
2026-01-08,4318.349574497768,4580.250034877232,4418.0,4461.2998046875,0.06259429143863598,True,True
2026-01-09,4353.18572126116,4546.21466936384,4473.0,4490.2998046875,-0.1728242138198188,True,True
2026-01-12,4401.906842912947,4578.692766462053,4577.7998046875,4620.0,-0.2938450870819762,False,True
2026-01-13,4506.349679129465,4702.249930245535,4578.60009765625,4617.10009765625,-0.02930898425594075,True,True
2026-01-14,4490.757254464285,4687.643136160715,4608.2001953125,4635.0,-0.11010110246097321,True,True
2026-01-15,4545.706926618303,4706.892682756697,4612.89990234375,4616.2998046875,-0.2790744279292618,True,True
2026-01-16,4542.542724609375,4690.056884765625,4588.39990234375,4608.0,-0.18735965119276465,True,True
2026-01-20,4515.71435546875,4661.08544921875,4661.7998046875,4764.0,-0.3,False,True
2026-01-21,4658.564488002232,4860.635707310268,4771.5,4872.2998046875,0.30554534821563134,False,True
2026-01-22,4715.314174107143,4948.285435267857,4791.89990234375,4908.7998046875,0.5333594908990105,True,True
2026-01-23,4795.057094029018,5022.542515345982,4936.0,4976.2001953125,-0.023065894681352117,True,True
2026-01-26,4856.264543805803,5096.135846819197,5052.2001953125,5095.60009765625,0.0003772611966071926,True,True
2026-01-27,4943.993094308035,5215.407296316965,5079.89990234375,5079.89990234375,-0.3,True,True
2026-01-28,4947.021414620535,5212.778390066965,5301.60009765625,5301.60009765625,-0.3,False,True
2026-01-29,5127.192975725447,5476.007219587053,5097.5,5586.2001953125,2.2397072340085775,False,True
2026-01-30,5076.89990234375,5559.89990234375,4700.0,5440.5,-17.922357552899967,False,True
2026-02-02,4337.87126813616,5089.92853655134,4400.0,4855.7998046875,4.080083059252272,True,True
2026-02-03,4173.849958147322,5071.150041852678,4674.2998046875,4984.60009765625,2.7970504003353653,True,True
2026-02-04,4391.900216238839,5415.500174386161,4897.89990234375,5082.2001953125,1.4441578536016617,True,True
2026-02-05,4394.692696707589,5446.107107979911,4786.0,5012.2998046875,1.8381825803636571,True,True
2026-02-06,4287.24267578125,5435.55712890625,4655.0,4958.5,2.623303520364109,True,True
2026-02-09,4359.514439174107,5542.885951450893,4979.10009765625,5065.7001953125,0.5196508028243298,True,True
2026-02-10,4539.39990234375,5562.39990234375,5002.7001953125,5029.0,-0.0589336694864846,True,True
2026-02-11,4640.649867466518,5366.949741908482,5041.2998046875,5111.2998046875,0.3271842387282919,True,True
2026-02-12,4783.085832868303,5360.114362444197,4892.0,5078.10009765625,1.2928417269766097,True,True
2026-02-13,4672.90021623884,5174.50017438616,4946.2001953125,5043.89990234375,0.5460549328080861,True,True
2026-02-17,4784.93586077009,5259.06413922991,4847.7998046875,5020.0,1.1420633911274984,True,True
2026-02-18,4656.999965122768,5108.799839564732,4869.5,4987.0,0.7081252880490836,True,True
2026-02-19,4800.45720563616,5172.54279436384,4975.89990234375,5014.7001953125,0.010844970654698194,True,True
2026-02-20,4806.078473772322,5145.721330915178,5039.5,5072.7001953125,-0.03970277448223414,True,True
2026-02-23,4879.06396484375,5239.53564453125,5120.2998046875,5211.60009765625,0.4123416131953766,True,True
2026-02-24,5014.864292689732,5394.536097935268,5112.7001953125,5159.0,0.053328207785929393,True,True
2026-02-25,4986.128208705357,5325.471400669643,5166.0,5206.39990234375,0.0025009154145752,True,True
2026-02-26,5051.642508370535,5361.157296316965,5143.89990234375,5199.2001953125,0.09707918993522102,True,True
2026-02-27,5045.678362165178,5307.321637834822,5176.7001953125,5280.0,0.40166782259588035,True,True
2026-03-02,5102.678362165178,5358.321637834822,5266.2998046875,5405.0,0.30969433367322,False,True
2026-03-03,5137.499755859375,5451.300048828125,5023.0,5303.7998046875,-0.8325058788170916,False,True
2026-03-04,4911.0712890625,5303.728515625,5117.2001953125,5180.2001953125,0.19641821276028326,True,True
2026-03-05,4940.907296316965,5299.493094308035,5054.7001953125,5169.5,0.5809385177253843,True,True
2026-03-06,4881.121233258928,5249.478376116072,5076.10009765625,5146.10009765625,0.24845115829612613,True,True
2026-03-09,4955.450055803572,5336.750139508928,5077.7001953125,5160.60009765625,0.34240301375296384,True,True
2026-03-10,4896.478550502232,5286.521449497768,5137.60009765625,5229.7001953125,0.4273534574993076,True,True
2026-03-11,5027.24298967634,5432.15740094866,5167.39990234375,5191.2998046875,-0.115766784903645,True,True
2026-03-12,4988.985491071428,5345.814313616072,5115.7998046875,5137.2001953125,-0.13790920380950938,True,True
2026-03-13,4986.499616350447,5245.099993024553,5009.5,5117.0,0.4388921146592965,True,True
2026-03-16,4915.76416015625,5189.23583984375,4994.0,5010.60009765625,-0.1812499279316964,True,True
2026-03-17,4869.328404017857,5118.671595982143,4994.2001953125,5017.60009765625,-0.13610446414814534,True,True
2026-03-18,4888.585588727678,5113.414411272322,4821.7001953125,4949.60009765625,0.10648653993888108,False,True
2026-03-19,4756.828369140625,5022.971435546875,4554.0,4830.2998046875,-9.334399540233767,False,True
2026-03-20,4425.264439174107,4776.135951450893,4570.39990234375,4686.89990234375,0.7170888432260243,True,True
2026-03-23,4383.34992327009,4757.44988141741,4100.7998046875,4480.39990234375,0.5671561159670924,False,True
2026-03-24,4127.47869001116,4680.72150530134,4325.2001953125,4399.2998046875,0.440804448037388,True,True
2026-03-25,4128.806989397322,4669.792619977678,4541.7998046875,4551.89990234375,-0.19921025124764247,True,True
2026-03-26,4259.142682756697,4840.456926618303,4375.5,4443.10009765625,0.3556746097390499,True,True
2026-03-27,4052.550083705357,4698.449916294643,4492.0,4492.0,-0.3,True,True
2026-03-30,4182.507184709822,4801.492815290178,4413.39990234375,4579.10009765625,1.3436199366383141,True,True
2026-03-31,4252.978550502232,4799.021449497768,4508.60009765625,4684.10009765625,1.3977455665018512,True,True
2026-04-01,4361.935791015625,4933.264404296875,4668.0,4789.10009765625,0.8438522990479158,True,True
2026-04-02,4567.843052455357,4998.557338169643,4558.89990234375,4784.39990234375,1.5866344175742413,False,True
2026-04-06,4404.728550502232,4898.271449497768,4605.0,4689.60009765625,0.48082471790410314,True,True
2026-04-07,4424.59978376116,4888.99982561384,4608.0,4676.2998046875,0.32303083801596705,True,True
2026-04-08,4447.614362444197,4866.585832868303,4738.7998046875,4851.0,0.7037650364877222,True,True
2026-04-09,4523.428571428572,4975.571428571428,4711.0,4799.10009765625,0.48132947437920554,True,True
2026-04-10,4582.757359095982,5001.643031529018,4744.89990234375,4791.0,0.09845034485541487,True,True
2026-04-13,4579.928431919643,4943.871372767857,4704.0,4742.39990234375,0.024066303592945537,True,True
2026-04-14,4578.342738560268,4906.457066127232,4770.10009765625,4841.60009765625,0.29040384762225396,True,True
2026-04-15,4688.007080078125,4961.992919921875,4798.0,4843.60009765625,0.04771563568812481,True,True
2026-04-16,4671.364222935268,4928.635777064732,4785.39990234375,4810.89990234375,-0.1087127948048463,True,True
2026-04-17,4665.935511997768,4904.864292689732,4767.2001953125,4879.7001953125,0.5223116479091803,True,True
2026-04-20,4755.578543526785,4959.621651785715,4770.0,4811.0,-0.02868435261914626,True,True
2026-04-21,4704.685686383928,4908.514508928572,4676.39990234375,4705.0,-0.6902089825330472,False,True
2026-04-22,4578.721226283482,4818.078578404018,4732.5,4754.2001953125,-0.13706341952524903,True,True
2026-04-23,4613.271240234375,4851.728759765625,4705.10009765625,4732.39990234375,-0.09743473776457034,True,True
2026-04-24,4601.257114955357,4808.943080357143,4657.5,4722.2998046875,0.15460595177600278,True,True
2026-04-27,4614.34259905134,4830.25701032366,4675.39990234375,4711.10009765625,-0.046012291165726416,True,True
2026-04-28,4562.857003348215,4787.942801339285,4591.5,4680.89990234375,0.35818082237799037,True,True
2026-04-29,4483.907121930803,4699.092878069197,4515.7001953125,4601.60009765625,0.3360309371939478,True,True
2026-04-30,4437.971644810268,4652.428745814732,4561.89990234375,4636.7001953125,0.2612574638180473,True,True
2026-05-01,4515.764543805803,4713.635846819197,4581.7001953125,4636.7001953125,0.08745286826462856,True,True
2026-05-04,4531.1357421875,4728.6640625,4512.7001953125,4581.2001953125,-0.7033784670354867,False,True
2026-05-05,4401.493024553572,4637.506975446428,4547.60009765625,4580.5,-0.04057135831919978,True,True
2026-05-06,4438.607073102678,4672.992536272322,4663.60009765625,4712.60009765625,-0.2269722477675425,False,True
2026-05-07,4541.157087053572,4822.642717633928,4699.7998046875,4736.2001953125,-0.008251202835778682,True,True
2026-05-08,4566.578334263393,4833.021275111607,4713.60009765625,4724.7998046875,-0.2123747304528253,True,True
2026-05-11,4600.228410993303,4840.571393694197,4655.10009765625,4758.39990234375,0.4718336678684974,True,True
