date,pred_low,pred_high,actual_low,actual_high,profit,in_range
2023-06-09,1951.0800018310547,1991.9999908447267,1960.300048828125,1969.800048828125,0.06680813038775966,True
2023-06-12,1950.9309517996653,1991.259512765067,1951.4000244140625,1963.5,0.08190916512808868,True
2023-06-13,1950.304548783736,1990.449990012429,1940.300048828125,1967.5,-0.7534478365826554,False
2023-06-14,1948.282614003057,1990.230420983356,1940.300048828125,1958.199951171875,0.07448844149541606,False
2023-06-15,1947.456263224284,1989.8937327067058,1926.0,1958.800048828125,0.08762769966368113,False
2023-06-16,1945.90201171875,1990.57798828125,1953.5,1962.9000244140625,0.08098929763048204,True
2023-06-20,1945.8403954139121,1989.8826833871694,1931.300048828125,1958.5999755859375,-1.4694755766640561,False
2023-06-21,1943.9407552083333,1989.3851725260417,1920.0,1936.800048828125,-1.6231616564260745,False
2023-06-22,1942.6607273646764,1988.2821350097656,1912.0999755859375,1921.0,-4.573067160997186,False
2023-06-23,1941.1672510607489,1986.1361988988417,1918.699951171875,1932.5,-3.3713629347951346,False
2023-06-26,1939.7416727701823,1984.5916605631512,1922.5,1928.5,-2.452654283271307,False
2023-06-27,1938.9338752992692,1982.917734453755,1914.0,1929.4000244140625,-3.814607656841871,False
2023-06-28,1937.4328155517578,1981.4859313964844,1912.300048828125,1912.300048828125,-3.8479134189558244,False
2023-06-29,1936.6712165601325,1979.3893895004735,1892.5,1909.9000244140625,-4.209015357792298,False
2023-06-30,1935.0955900304457,1978.0926423914293,1900.5999755859375,1921.0999755859375,-2.145914831576547,False
2023-07-03,1933.8171439034597,1977.3428519112724,1917.9000244140625,1929.5,-1.8588642875082295,False
2023-07-05,1932.9972229003906,1976.2805480957031,1914.699951171875,1933.9000244140625,-2.048773034861018,False
2023-07-06,1931.856753787479,1975.5270220782306,1903.199951171875,1910.199951171875,-3.55585280749241,False
2023-07-07,1930.9710484554892,1974.0447307385896,1913.4000244140625,1934.0999755859375,-0.7074272685236717,False
2023-07-10,1930.0525606595554,1973.6140934870793,1912.300048828125,1926.0999755859375,-0.7765869026016922,False
2023-07-11,1929.4087493896484,1972.9162384033204,1924.199951171875,1937.0,0.06367037946131256,False
2023-07-12,1928.9865841749238,1972.369503858613,1932.199951171875,1958.0,0.21528085071805775,True
2023-07-13,1928.7130911690847,1972.9059448242188,1953.0,1961.0999755859375,0.07014024657109984,True
2023-07-14,1929.1395306254542,1972.8697580736737,1952.699951171875,1960.5999755859375,0.06697019655081725,True
2023-07-17,1929.573858087713,1972.8488547585227,1946.5999755859375,1956.5,0.08211162661825616,True
2023-07-18,1929.7511054144964,1972.7244371202257,1963.4000244140625,1978.4000244140625,0.0761998066170037,False
2023-07-19,1930.2934716266136,1973.3108613387399,1973.0,1977.5,0.002543635579386749,False
2023-07-20,1931.1542488260473,1973.5436089698303,1965.5999755859375,1973.699951171875,0.0628901983345371,False
2023-07-21,1931.6749954223633,1973.6874923706055,1961.800048828125,1964.300048828125,0.019384966531261507,True
2023-07-24,1932.2642822265625,1973.5724425023914,1960.300048828125,1965.5,0.03872138354513583,True
2023-07-25,1932.6689990234377,1973.4629931640625,1953.0,1962.5,0.068549284260498,True
2023-07-26,1932.9666652305455,1973.5196006625306,1966.199951171875,1972.0,0.04120416269412503,True
2023-07-27,1933.4903822678787,1973.5980717585637,1945.4000244140625,1945.4000244140625,0.0,True
2023-07-28,1933.715092497052,1973.066033129422,1944.199951171875,1962.199951171875,0.11767058691063995,True
2023-07-31,1933.7092579029224,1973.3314774124713,1950.0,1971.5999755859375,0.14398642776330106,True
2023-08-01,1933.7890902432528,1973.8690862482244,1940.699951171875,1965.4000244140625,0.16989199399641297,True
2023-08-02,1933.2508893694196,1973.9383893694196,1933.199951171875,1953.5999755859375,0.14571301181949856,False
2023-08-03,1932.7868384645697,1973.834208170573,1928.0,1936.5,-0.09364430322299323,False
2023-08-04,1932.553444697939,1973.3327563055632,1920.0,1945.0,0.0897484464418866,False
2023-08-07,1932.0372842045153,1973.3966074798068,1929.800048828125,1941.0,0.06696574292205128,False
2023-08-08,1931.78166402181,1973.0116628011067,1923.0,1933.199951171875,-1.1698253581939329,False
2023-08-09,1930.6241668701173,1971.1491607666017,1913.699951171875,1928.800048828125,-2.3411112605984137,False
2023-08-10,1928.5949981689453,1969.8749969482421,1911.4000244140625,1927.800048828125,-2.18469919316992,False
2023-08-11,1926.563330078125,1968.4533325195312,1911.800048828125,1916.5999755859375,-2.1047364128527692,False
2023-08-14,1925.1849985758463,1967.314997355143,1903.300048828125,1912.5999755859375,-2.2481731029140954,False
2023-08-15,1923.8566680908202,1966.3066619873048,1895.0,1907.699951171875,-3.293949319663859,False
2023-08-16,1922.6466705322264,1965.7166595458984,1890.300048828125,1904.5,-4.096329384798849,False
2023-08-17,1921.3825042724611,1964.2274932861328,1884.0,1902.4000244140625,-5.7570155589391065,False
2023-08-18,1919.5533345540364,1963.0333272298178,1886.0999755859375,1891.800048828125,-5.1697533447037705,False
2023-08-21,1917.9724985758462,1961.737494913737,1893.300048828125,1893.5999755859375,-3.815612474508133,False
2023-08-22,1917.1216664632161,1960.2716603597005,1892.800048828125,1896.800048828125,-3.2065318582676747,False
2023-08-23,1916.243333943685,1959.5933278401692,1909.5999755859375,1918.5,0.019181301261453065,False
2023-08-24,1915.7016682942708,1959.2816609700521,1918.199951171875,1920.800048828125,0.022352598860345192,True
2023-08-25,1915.7633310953777,1957.8933298746745,1911.0999755859375,1919.800048828125,-0.6899706855331279,False
2023-08-28,1915.1658284505208,1956.730830891927,1915.5,1921.5,0.04669865532006991,True
2023-08-29,1914.731660970052,1955.1616658528646,1916.9000244140625,1936.5,0.1428823822369301,True
2023-08-30,1914.854160563151,1954.5091654459636,1934.5999755859375,1946.4000244140625,0.0817852137827335,True
2023-08-31,1914.9333262125651,1953.973334757487,1938.199951171875,1944.4000244140625,0.04114389773574623,True
2023-09-01,1914.4908223470052,1953.5058369954427,1936.5999755859375,1950.0,0.08883958914189613,True
2023-09-05,1914.7999918619792,1953.1000040690103,1924.699951171875,1934.4000244140625,0.06083481760011456,True
2023-09-06,1914.5816569010417,1952.071671549479,1916.300048828125,1925.300048828125,0.05271148114885784,True
2023-09-07,1913.8591573079427,1951.32417195638,1917.5,1921.5,0.023413270987478096,True
2023-09-08,1913.431655883789,1950.4916717529295,1918.4000244140625,1924.699951171875,0.035550402334869016,True
2023-09-11,1913.517490641276,1949.5325052897135,1921.800048828125,1928.300048828125,0.03290061884995107,True
2023-09-12,1913.2691548665364,1948.7141743977866,1911.300048828125,1920.800048828125,-0.27027097258071425,False
2023-09-13,1913.0766560872396,1947.3566731770832,1908.9000244140625,1914.5999755859375,-0.6119358265366995,False
2023-09-14,1912.3474904378254,1946.44250386556,1903.0,1910.0,-0.365009307263302,False
2023-09-15,1912.4299886067708,1945.5100056966146,1923.5,1927.300048828125,0.012343589193611204,True
2023-09-18,1912.5949869791666,1945.0250040690103,1926.4000244140625,1931.5,0.014259516090819243,True
2023-09-19,1913.0033223470052,1945.2433369954426,1932.0,1934.0,0.00531098415257618,True
2023-09-20,1913.5133239746094,1945.1633361816405,1929.199951171875,1945.5999755859375,0.03542190825065441,False
2023-09-21,1913.6183237711589,1945.7883371988933,1919.199951171875,1924.0,0.012466120834906318,True
2023-09-22,1913.969989013672,1945.6100036621094,1925.4000244140625,1925.4000244140625,0.0,True
2023-09-25,1914.188321940104,1945.8283365885416,1916.5999755859375,1916.5999755859375,0.0,True
2023-09-26,1914.7466562906902,1945.5166697184245,1900.4000244140625,1905.0999755859375,-2.2298942841487155,False
2023-09-27,1914.7966583251953,1944.7766693115234,1871.5999755859375,1871.5999755859375,-6.715252553427892,False
2023-09-28,1914.2516581217449,1943.651670328776,1856.699951171875,1878.199951171875,-8.375269537297276,False
2023-09-29,1913.207494099935,1942.7225026448568,1846.0,1872.300048828125,-10.131021865380623,False
2023-10-02,1911.7149932861328,1942.195004272461,1826.699951171875,1845.9000244140625,-12.721884009418732,False
2023-10-03,1910.1491577148438,1940.5541748046874,1816.800048828125,1830.9000244140625,-13.329904914736359,False
2023-10-04,1908.4683227539062,1938.8883422851563,1816.4000244140625,1828.199951171875,-14.030670497193347,False
2023-10-05,1906.613324991862,1936.9833384195963,1815.5999755859375,1826.300048828125,-14.051424843214145,False
2023-10-06,1904.6641581217448,1934.2791727701822,1809.4000244140625,1831.800048828125,-11.638234878435002,False
2023-10-09,1902.1566569010417,1932.4866739908855,1842.5,1861.5,-8.239095898725049,False
2023-10-10,1900.035824584961,1930.9208404541016,1852.800048828125,1861.4000244140625,-6.113745677344464,False
2023-10-11,1898.5449920654296,1929.365005493164,1869.0999755859375,1874.5999755859375,-4.035352438337028,False
2023-10-12,1897.0424936930337,1927.3875071207683,1867.0,1881.199951171875,-4.352404649948686,False
2023-10-13,1894.9966623942057,1925.8266733805337,1877.5,1930.0999755859375,0.056894438108761936,False
2023-10-16,1893.202495320638,1926.257506306966,1910.300048828125,1921.0999755859375,0.03771617506333091,True
2023-10-17,1892.2749959309895,1925.7450032552083,1914.300048828125,1925.800048828125,0.043301578130889244,False
2023-10-18,1891.4908264160156,1925.2758361816407,1935.0,1957.9000244140625,0.0,False
2023-10-19,1891.042493693034,1925.497504679362,1945.699951171875,1977.699951171875,0.0,False
2023-10-20,1890.3791615804037,1926.1441701253254,1980.4000244140625,1988.5999755859375,0.0,False
2023-10-23,1890.792495727539,1926.9675018310545,1972.9000244140625,1978.9000244140625,0.0,False
2023-10-24,1891.3574961344402,1926.9325022379558,1970.300048828125,1975.0,0.0,False
2023-10-25,1891.8549967447916,1926.585001627604,1971.199951171875,1985.300048828125,0.0,False
2023-10-26,1892.8433298746745,1927.04333597819,1980.4000244140625,1988.199951171875,0.0,False
2023-10-27,1893.9883310953776,1927.5583323160806,1988.5999755859375,1988.5999755859375,0.0,False
2023-10-30,1895.1441640218097,1928.289165242513,1992.5,2004.0999755859375,0.0,False
2023-10-31,1896.4224975585937,1928.8974975585936,1983.699951171875,2001.0,0.0,False
2023-11-01,1897.131660970052,1929.9116658528646,1977.800048828125,1990.5,0.0,False
2023-11-02,1897.9808288574218,1930.8858337402344,1979.5,1990.300048828125,0.0,False
2023-11-03,1899.2583292643228,1931.948331705729,1989.0,1991.5,0.0,False
2023-11-06,1900.8908294677733,1932.8858306884765,1977.4000244140625,1981.5999755859375,0.0,False
2023-11-07,1902.0508280436197,1934.015830485026,1960.699951171875,1966.800048828125,0.0,False
2023-11-08,1903.0674916585288,1934.8725026448567,1947.699951171875,1967.800048828125,0.0,False
2023-11-09,1903.699154663086,1935.8741729736328,1945.300048828125,1964.199951171875,0.0,False
2023-11-10,1904.716655476888,1937.1266713460288,1932.5999755859375,1959.5999755859375,0.013073899815371555,False
2023-11-13,1905.309989420573,1938.1500040690103,1934.0,1947.199951171875,0.01319797141823678,False
2023-11-14,1906.1124928792317,1939.3275014241538,1961.800048828125,1965.800048828125,0.0,False
2023-11-15,1907.1616577148438,1940.561669921875,1960.0,1962.800048828125,0.0,False
2023-11-16,1908.2533223470052,1941.5933369954425,1964.5999755859375,1983.9000244140625,0.0,False
2023-11-17,1909.0833221435546,1942.9433380126952,1979.800048828125,1984.0,0.0,False
2023-11-20,1910.0999928792316,1944.0400014241536,1969.699951171875,1979.4000244140625,0.0,False
2023-11-21,1911.1849924723308,1945.1750010172525,1988.5,2005.5,0.0,False
2023-11-22,1912.2666595458984,1946.8066680908203,1991.0,1999.4000244140625,0.0,False
2023-11-24,1913.4616587320963,1947.4416697184245,1991.5,2002.199951171875,0.0,False
2023-11-27,1914.4541595458986,1948.379165649414,2011.699951171875,2011.800048828125,0.0,False
2023-11-28,1915.8333272298175,1949.4533345540365,2039.699951171875,2042.699951171875,0.0,False
2023-11-29,1917.7583262125652,1950.8583323160808,2036.0,2052.10009765625,0.0,False
2023-11-30,1919.6133260091146,1953.0333333333333,2033.0999755859375,2047.0999755859375,0.0,False
2023-12-01,1921.4883260091146,1955.1583333333333,2036.0,2073.199951171875,0.0,False
2023-12-04,1923.2166605631512,1958.5466654459635,2021.0,2130.199951171875,0.0,False
2023-12-05,1922.405825805664,1962.8808319091797,2010.199951171875,2037.0,0.0,False
2023-12-06,1923.4849904378257,1964.9749989827474,2019.0,2035.800048828125,0.0,False
2023-12-07,1925.289155069987,1967.144166056315,2024.0,2034.9000244140625,0.0,False
2023-12-08,1927.1724873860678,1969.2875020345052,1995.0,2033.0999755859375,0.0,False
2023-12-11,1927.8666554768881,1971.5366689046225,1977.199951171875,2004.199951171875,0.0,False
2023-12-12,1928.1916575113933,1973.0216684977213,1977.800048828125,1994.199951171875,0.0,False
2023-12-13,1928.6808268229167,1974.0758341471353,1975.0,2024.800048828125,0.0,False
2023-12-14,1928.3241597493488,1976.109169514974,2024.300048828125,2040.0999755859375,0.0,False
2023-12-15,1929.749161783854,1977.5041666666666,2018.300048828125,2043.4000244140625,0.0,False
2023-12-18,1930.939997355143,1979.7099985758464,2024.0,2032.800048828125,0.0,False
2023-12-19,1932.4016632080077,1981.6116668701172,2025.199951171875,2042.699951171875,0.0,False
2023-12-20,1933.9941640218099,1984.0791676839194,2030.300048828125,2037.0999755859375,0.0,False
2023-12-21,1936.1766642252603,1986.3666666666666,2033.0,2044.5,0.0,False
2023-12-22,1938.6808308919271,1989.4458333333332,2052.199951171875,2068.699951171875,0.0,False
2023-12-26,1942.0841654459637,1992.5991678873697,2054.199951171875,2060.800048828125,0.0,False
2023-12-27,1946.078330485026,1995.6083353678387,2064.800048828125,2081.89990234375,0.0,False
2023-12-28,1950.3291676839192,1999.7541615804037,2066.5,2087.300048828125,0.0,False
2023-12-29,1954.3166646321615,2004.076662190755,2062.10009765625,2068.89990234375,0.0,False
2024-01-02,1958.506666056315,2008.0166575113933,2057.10009765625,2073.699951171875,0.0,False
2024-01-03,1962.489170328776,2012.2941507975258,2034.199951171875,2044.0,0.0,False
2024-01-04,1966.2041697184245,2015.3791514078775,2038.0,2044.5,0.0,False
2024-01-05,1969.7300038655599,2018.279985555013,2042.4000244140625,2048.10009765625,0.0,False
2024-01-08,1972.825835164388,2021.2308217366535,2019.0999755859375,2033.699951171875,0.02033451512404357,False
2024-01-09,1975.1616678873697,2024.0216532389322,2026.4000244140625,2035.800048828125,0.0,False
2024-01-10,1977.8999989827475,2026.5199879964193,2021.699951171875,2035.5999755859375,0.04601521114297507,False
2024-01-11,1980.4391632080078,2027.1241546630858,2014.300048828125,2025.0999755859375,0.09598649025040724,True
2024-01-12,1981.9924977620444,2028.6774892171225,2031.0999755859375,2057.0,0.0,False
2024-01-16,1983.6991638183595,2031.1041564941406,2026.0,2054.800048828125,0.04637994916995247,False
2024-01-17,1984.729995727539,2032.4299896240236,2002.5999755859375,2026.5,0.2191616889151122,True
2024-01-18,1985.5024943033852,2032.797489420573,2009.5,2018.5999755859375,0.08215668393694851,True
2024-01-19,1986.0816599527996,2033.4216562906902,2019.5,2036.0,0.12579407414613702,False
2024-01-22,1986.655825805664,2034.5208221435548,2019.800048828125,2021.300048828125,0.013798908761819672,True
2024-01-23,1987.4824920654296,2035.1874908447267,2022.5,2030.300048828125,0.07127285428515397,True
2024-01-24,1988.2999928792317,2035.6899892171225,2013.9000244140625,2033.199951171875,0.17417858930358895,True
2024-01-25,1988.4574940999348,2036.4224904378254,2012.0999755859375,2022.4000244140625,0.09485375313770604,True
2024-01-26,1988.6716603597006,2037.1516591389973,2016.800048828125,2022.4000244140625,0.052468086982232515,True
2024-01-29,1989.164995320638,2037.3449940999349,2025.199951171875,2025.199951171875,0.0,True
2024-01-30,1990.2641632080079,2037.5791595458984,2028.0999755859375,2048.5,0.0850848801932961,False
2024-01-31,1990.9499938964846,2038.6499938964844,2030.0,2055.0,0.07865516070630432,False
2024-02-01,1991.6416605631512,2040.0516581217448,2029.0,2064.5,0.10289984821570047,False
2024-02-02,1991.841660563151,2041.9016581217447,2027.699951171875,2055.89990234375,0.13930235856028153,False
2024-02-05,1992.1499938964844,2043.409991455078,2013.800048828125,2040.800048828125,0.27400724091416956,True
2024-02-06,1992.6091613769531,2044.9141540527344,2025.9000244140625,2037.300048828125,0.11888724643724155,True
2024-02-07,1994.2099965413413,2046.079985555013,2032.699951171875,2039.5,0.06998250293366753,True
2024-02-08,1995.695826212565,2046.9608225504558,2020.300048828125,2036.699951171875,0.16574304775866217,True
2024-02-09,1997.6208282470702,2048.3558197021484,2020.0,2032.0,0.11919857315456878,True
2024-02-12,1998.947494506836,2049.6224884033204,2011.5999755859375,2025.5,0.13760857749036082,True
2024-02-13,1999.6399922688802,2050.809987386068,1990.0,2025.800048828125,-0.7359759189705026,False
2024-02-14,1999.361659749349,2052.1816548665365,1984.800048828125,1993.5,-1.3419495067769864,False
2024-02-15,1999.7333292643227,2052.0233194986977,1993.5999755859375,2007.199951171875,0.0771866797167841,False
2024-02-16,1999.8399953206379,2052.599986775716,1996.5,2011.5,0.1219773421617619,False
2024-02-20,2000.2708312988282,2053.295819091797,2015.5999755859375,2029.0,0.1410400511859892,True
2024-02-21,2000.8308298746745,2053.6758188883464,2022.300048828125,2028.199951171875,0.06178059505045633,True
2024-02-22,2001.4083333333333,2054.1283162434897,2019.699951171875,2033.199951171875,0.1408258498186726,True
2024-02-23,2001.6299987792968,2054.4899841308593,2014.9000244140625,2038.5999755859375,0.24803603057157778,True
2024-02-26,2001.4866678873698,2055.5266459147133,2024.800048828125,2035.4000244140625,0.11416237589354136,True
2024-02-27,2001.1100026448569,2055.5299794514976,2034.0,2035.9000244140625,0.02065181942809975,True
2024-02-28,2001.246671549479,2054.9566446940103,2024.800048828125,2037.0,0.13041393333821172,True
2024-02-29,2001.2066731770833,2054.8266438802084,2034.300048828125,2049.800048828125,0.1653432123136121,True
2024-03-01,2001.3275044759114,2053.8624776204424,2041.800048828125,2086.89990234375,0.12525086858424797,False
2024-03-04,2003.976672363281,2053.306640625,2080.699951171875,2119.800048828125,0.0,False
2024-03-05,2005.3225036621095,2055.2674743652346,2111.39990234375,2133.5,0.0,False
2024-03-06,2006.9066691080727,2057.116642252604,2125.5,2150.300048828125,0.0,False
2024-03-07,2008.565835571289,2059.4708099365234,2147.0,2163.0,0.0,False
2024-03-08,2011.7800008138022,2061.5799763997397,2166.300048828125,2194.89990234375,0.0,False
2024-03-11,2015.083339436849,2064.963307698568,2177.199951171875,2184.0,0.0,False
2024-03-12,2018.735001627604,2068.134977213542,2160.39990234375,2182.699951171875,0.0,False
2024-03-13,2022.3908325195312,2070.415808105469,2162.5,2175.39990234375,0.0,False
2024-03-14,2024.8833323160807,2072.763306681315,2162.300048828125,2163.0,0.0,False
2024-03-15,2027.8583333333331,2074.5183064778644,2157.300048828125,2161.699951171875,0.0,False
2024-03-18,2030.151670328776,2076.5916361490886,2146.199951171875,2160.699951171875,0.0,False
2024-03-19,2032.2650024414065,2078.554968261719,2156.10009765625,2156.300048828125,0.0,False
2024-03-20,2034.4600026448568,2080.4199696858723,2150.89990234375,2185.89990234375,0.0,False
2024-03-21,2035.8525014241536,2082.987468465169,2182.39990234375,2211.60009765625,0.0,False
2024-03-22,2037.6233266194663,2085.3933034261067,2157.5,2179.60009765625,0.0,False
2024-03-25,2038.9008290608724,2087.445805867513,2166.199951171875,2179.39990234375,0.0,False
2024-03-26,2040.546662394206,2088.896644083659,2175.60009765625,2182.699951171875,0.0,False
2024-03-27,2042.5841705322266,2090.249142456055,2172.10009765625,2196.199951171875,0.0,False
2024-03-28,2044.2883392333986,2092.818313598633,2187.10009765625,2234.10009765625,0.0,False
2024-04-01,2046.078335571289,2096.1283172607423,2230.0,2264.199951171875,0.0,False
2024-04-02,2048.840005493164,2100.1099822998044,2247.60009765625,2279.199951171875,0.0,False
2024-04-03,2051.8575083414717,2104.382477823893,2267.89990234375,2298.800048828125,0.0,False
2024-04-04,2055.4275044759115,2109.2124776204428,2280.0,2302.89990234375,0.0,False
2024-04-05,2059.5900075276695,2113.789977010091,2267.39990234375,2328.39990234375,0.0,False
2024-04-08,2063.288340250651,2120.0683085123696,2319.0,2341.800048828125,0.0,False
2024-04-09,2068.232506306966,2125.4574757893884,2337.800048828125,2364.699951171875,0.0,False
2024-04-10,2073.3166727701823,2131.346641031901,2327.699951171875,2358.10009765625,0.0,False
2024-04-11,2077.919172159831,2136.174146525065,2330.60009765625,2376.300048828125,0.0,False
2024-04-12,2082.9766754150387,2142.076644897461,2334.300048828125,2429.0,0.0,False
2024-04-15,2087.100010172526,2149.7399759928385,2326.0,2384.699951171875,0.0,False
2024-04-16,2091.646678670247,2156.7666432698566,2371.39990234375,2390.800048828125,0.0,False
2024-04-17,2097.645842488607,2162.910814412435,2369.300048828125,2391.39990234375,0.0,False
2024-04-18,2102.995844523112,2169.2908091227214,2368.39990234375,2384.39990234375,0.0,False
2024-04-19,2108.767514038086,2175.472476196289,2377.300048828125,2399.800048828125,0.0,False
2024-04-22,2115.0958435058596,2181.960809326172,2326.89990234375,2383.300048828125,0.0,False
2024-04-23,2119.19833984375,2188.368310546875,2294.199951171875,2330.800048828125,0.0,False
2024-04-24,2123.605001831055,2194.324978637695,2314.60009765625,2328.699951171875,0.0,False
2024-04-25,2128.2408396402993,2199.6658091227214,2305.0,2329.800048828125,0.0,False
2024-04-26,2133.102506510417,2204.747477213542,2332.800048828125,2347.89990234375,0.0,False
2024-04-29,2138.1233459472655,2209.273309326172,2327.89990234375,2345.5,0.0,False
2024-04-30,2143.4441752115886,2213.6991434733077,2291.39990234375,2322.5,0.0,False
2024-05-01,2147.626670328776,2218.0266459147138,2283.800048828125,2327.300048828125,0.0,False
2024-05-02,2151.784169514974,2223.0091451009116,2292.300048828125,2324.699951171875,0.0,False
2024-05-03,2155.6708384195967,2227.9458079020183,2277.60009765625,2301.0,0.0,False
2024-05-06,2159.6525095621746,2232.757471720378,2314.199951171875,2325.5,0.0,False
2024-05-07,2164.6033416748046,2237.453311157227,2315.199951171875,2324.300048828125,0.0,False
2024-05-08,2169.5408376057944,2242.2458119710286,2313.60009765625,2313.60009765625,0.0,False
2024-05-09,2174.811673990885,2246.8216471354167,2310.699951171875,2339.5,0.0,False
2024-05-10,2180.640008544922,2252.299981689453,2367.300048828125,2367.300048828125,0.0,False
2024-05-13,2187.140840657552,2258.3658162434895,2336.10009765625,2358.300048828125,0.0,False
2024-05-14,2192.492509969076,2264.14748433431,2336.0,2358.0,0.0,False
2024-05-15,2198.0158416748045,2270.020816040039,2356.0,2388.699951171875,0.0,False
2024-05-16,2203.5533426920574,2276.5233133951824,2380.0,2392.199951171875,0.0,False
2024-05-17,2209.3575073242187,2282.64248046875,2380.699951171875,2415.800048828125,0.0,False
2024-05-20,2215.3591715494795,2289.724149576823,2409.699951171875,2435.800048828125,0.0,False
2024-05-21,2221.8875,2296.3724853515623,2421.0,2429.5,0.0,False
2024-05-22,2228.4933319091797,2302.8733184814455,2375.800048828125,2417.60009765625,0.0,False
2024-05-23,2233.415830485026,2309.7908182779947,2335.0,2371.199951171875,0.0,False
2024-05-24,2237.8491638183596,2315.424151611328,2332.5,2345.39990234375,0.0,False
2024-05-28,2242.6941670735678,2320.1391499837237,2336.89990234375,2359.699951171875,0.0,False
2024-05-29,2247.7233296712243,2324.053322347005,2340.300048828125,2340.300048828125,0.0,False
2024-05-30,2252.4108337402345,2326.785821533203,2320.800048828125,2349.5,0.07035591218231832,False
2024-05-31,2255.7358357747394,2330.4408162434897,2319.0,2354.0,0.1346030770257716,False
2024-06-03,2258.357501220703,2333.572479248047,2312.0,2347.5,0.2546829072388083,False
2024-06-04,2261.0133361816406,2337.203314208984,2313.89990234375,2347.699951171875,0.27739792534755076,False
2024-06-05,2263.3316630045574,2339.781650797526,2326.199951171875,2354.300048828125,0.16181361973969288,False
2024-06-06,2265.6591634114584,2343.174153645833,2355.0,2375.800048828125,0.0,False
2024-06-07,2269.194999186198,2346.6349894205728,2285.39990234375,2385.10009765625,0.7335753708891712,False
2024-06-10,2269.188326009115,2350.968330891927,2290.5,2309.300048828125,0.2344994354033955,True
2024-06-11,2271.147489420573,2353.832499186198,2300.0,2314.10009765625,0.1769724014781859,True
2024-06-12,2273.4083170572917,2356.5783365885413,2310.300048828125,2338.699951171875,0.3572895686005931,True
2024-06-13,2275.9824869791664,2359.8475016276043,2296.199951171875,2317.699951171875,0.2715056085890826,True
2024-06-14,2277.8483174641924,2362.7783345540365,2305.800048828125,2331.39990234375,0.325579290745376,True
2024-06-17,2280.974987792969,2365.4349975585938,2309.60009765625,2320.199951171875,0.13400387998160684,True
2024-06-18,2283.606663004557,2367.1366556803387,2311.800048828125,2330.39990234375,0.23292835358517275,True
2024-06-20,2286.5658325195313,2369.9208129882813,2328.300048828125,2354.0,0.32067771739482337,True
2024-06-21,2289.2366658528645,2373.2166463216145,2316.39990234375,2331.199951171875,0.18525570526279106,True
2024-06-24,2291.3908243815104,2375.7558146158854,2322.699951171875,2332.89990234375,0.12787091430081185,True
2024-06-25,2294.0616536458333,2377.731648763021,2316.60009765625,2333.0,0.20403560910247362,True
2024-06-26,2296.4799926757814,2378.619982910156,2298.0,2314.39990234375,0.20104908332020338,True
2024-06-27,2297.9699930826823,2379.219980875651,2295.0,2329.0,0.37700180654318327,False
2024-06-28,2298.9683227539062,2380.3383178710938,2319.0,2338.300048828125,0.23456373712228842,True
2024-07-01,2299.8133260091145,2380.6033162434896,2321.699951171875,2329.699951171875,0.09665832802159974,True
2024-07-02,2300.832491048177,2380.8774861653646,2323.0,2334.60009765625,0.13908501848302982,True
2024-07-03,2302.022489420573,2379.597489420573,2330.89990234375,2361.60009765625,0.3589486609656924,True
2024-07-05,2302.2933207194014,2380.26332804362,2354.89990234375,2388.5,0.2976847310146657,False
2024-07-08,2302.8758158365886,2381.1808329264327,2352.800048828125,2383.800048828125,0.3340726382857436,False
2024-07-09,2303.2874837239583,2381.622493489583,2360.10009765625,2363.699951171875,0.042373386683934526,True
2024-07-10,2304.4283203124996,2380.6583251953125,2365.800048828125,2377.0,0.12886301906972722,True
2024-07-11,2306.7824869791666,2378.8374918619793,2378.699951171875,2416.699951171875,0.0015037568598594028,False
2024-07-12,2308.1199849446616,2379.13999226888,2391.300048828125,2414.0,0.0,False
2024-07-15,2308.4241556803386,2379.6091532389323,2422.89990234375,2436.0,0.0,False
2024-07-16,2309.502482096354,2380.2374918619794,2427.39990234375,2462.39990234375,0.0,False
2024-07-17,2310.362479654948,2382.047489420573,2454.800048828125,2473.10009765625,0.0,False
2024-07-18,2311.4074808756513,2382.8824930826822,2451.800048828125,2466.0,0.0,False
2024-07-19,2314.455820719401,2383.8208231608073,2395.5,2419.199951171875,0.0,False
2024-07-22,2315.9083251953125,2384.6283203125004,2392.0,2402.10009765625,0.0,False
2024-07-23,2317.133319091797,2385.6533264160157,2388.699951171875,2404.60009765625,0.0,False
2024-07-24,2318.6024841308595,2386.6774963378907,2411.60009765625,2421.0,0.0,False
2024-07-25,2320.05331624349,2387.843330891927,2351.89990234375,2365.5,0.13841270617253026,True
2024-07-26,2320.261649576823,2387.8516642252603,2368.699951171875,2386.89990234375,0.18461333361165336,True
2024-07-29,2322.060821533203,2389.005828857422,2377.300048828125,2377.300048828125,0.0,True
2024-07-30,2324.4383239746094,2389.208331298828,2373.800048828125,2409.300048828125,0.14846748355511463,False
2024-07-31,2326.1241556803384,2391.04916788737,2402.800048828125,2447.60009765625,0.0,False
2024-08-01,2327.714152018229,2393.7091715494794,2430.39990234375,2455.10009765625,0.0,False
2024-08-02,2329.269146728516,2395.9341735839844,2416.0,2477.0,0.0,False
2024-08-05,2329.8133158365886,2399.073337809245,2367.39990234375,2449.800048828125,0.3268023510269876,False
2024-08-06,2329.221643066406,2402.6016723632815,2380.0,2421.800048828125,0.24664612902296887,False
2024-08-07,2329.846643066406,2403.876672363281,2384.5,2401.0,0.1814009357868429,True
2024-08-08,2329.820808919271,2404.6758382161456,2384.300048828125,2422.800048828125,0.22621614277873178,False
2024-08-09,2330.8483052571614,2406.5183369954425,2418.5,2432.10009765625,0.0,False
2024-08-12,2332.36997273763,2407.6200093587236,2432.0,2469.800048828125,0.0,False
2024-08-13,2333.470802815755,2408.975844319661,2456.5,2470.0,0.0,False
2024-08-14,2334.88330078125,2410.453344726562,2439.39990234375,2472.10009765625,0.0,False
2024-08-15,2335.3966308593754,2410.8466796875,2431.199951171875,2467.699951171875,0.0,False
2024-08-16,2335.4566365559895,2411.426680501302,2451.39990234375,2508.0,0.0,False
2024-08-19,2335.5358032226563,2413.910852050781,2487.199951171875,2508.5,0.0,False
2024-08-20,2337.924971516927,2415.2750203450523,2500.699951171875,2527.300048828125,0.0,False
2024-08-21,2341.103302001953,2417.973358154297,2503.89990234375,2515.39990234375,0.0,False
2024-08-22,2344.069964599609,2420.8700256347656,2471.10009765625,2504.10009765625,0.0,False
2024-08-23,2345.876631673177,2423.186690266927,2486.5,2508.39990234375,0.0,False
2024-08-26,2348.1307983398438,2426.5358520507816,2509.10009765625,2523.10009765625,0.0,False
2024-08-27,2351.411631266276,2429.08168741862,2506.89990234375,2523.10009765625,0.0,False
2024-08-28,2355.099961344401,2431.83002726237,2501.0,2501.0,0.0,False
2024-08-29,2358.56079305013,2433.5158589680987,2503.89990234375,2525.699951171875,0.0,False
2024-08-30,2362.1974589029946,2436.5525248209638,2493.800048828125,2525.39990234375,0.0,False
2024-09-03,2364.4382975260414,2438.9683512369793,2476.300048828125,2501.800048828125,0.0,False
2024-09-04,2366.314129638672,2441.079180908203,2483.5,2493.39990234375,0.0,False
2024-09-05,2371.695802815755,2441.970839436849,2493.39990234375,2513.300048828125,0.0,False
2024-09-06,2375.0632995605465,2445.393341064453,2483.699951171875,2517.89990234375,0.0,False
2024-09-09,2377.6608032226563,2448.995837402344,2491.300048828125,2504.699951171875,0.0,False
2024-09-10,2380.7991373697914,2451.384171549479,2512.300048828125,2512.300048828125,0.0,False
2024-09-11,2384.8716389973956,2454.3816731770835,2502.300048828125,2525.800048828125,0.0,False
2024-09-12,2387.9358052571615,2457.340846761068,2523.39990234375,2557.0,0.0,False
2024-09-13,2391.3407999674478,2461.8958536783853,2565.0,2581.800048828125,0.0,False
2024-09-16,2395.5674641927085,2466.0325276692706,2580.39990234375,2580.39990234375,0.0,False
2024-09-17,2399.9866271972655,2469.1666931152345,2564.300048828125,2581.800048828125,0.0,False
2024-09-18,2404.0507975260416,2473.365861002604,2549.199951171875,2570.699951171875,0.0,False
2024-09-19,2407.779962158203,2477.660028076172,2566.0,2588.0,0.0,False
2024-09-20,2412.163291422526,2482.323362223307,2590.39990234375,2621.800048828125,0.0,False
2024-09-23,2417.1332845052084,2488.0433675130207,2626.5,2626.5,0.0,False
2024-09-24,2423.0166178385416,2492.226700846354,2625.5,2662.300048828125,0.0,False
2024-09-25,2427.9707845052085,2498.055867513021,2649.300048828125,2664.199951171875,0.0,False
2024-09-26,2433.324951171875,2503.7550292968754,2660.800048828125,2669.89990234375,0.0,False
2024-09-27,2439.169122314453,2509.474188232422,2641.699951171875,2672.10009765625,0.0,False
2024-09-30,2443.918290201823,2514.2083536783857,2623.199951171875,2662.10009765625,0.0,False
2024-10-01,2447.9124572753904,2518.4675231933593,2631.39990234375,2670.89990234375,0.0,False
2024-10-02,2452.901625569661,2523.88169148763,2640.0,2657.199951171875,0.0,False
2024-10-03,2457.344956461589,2529.00502726237,2640.0,2657.10009765625,0.0,False
2024-10-04,2461.9457885742186,2533.9008666992186,2639.0,2667.0,0.0,False
2024-10-07,2466.0424560546876,2537.4975341796876,2639.0,2657.39990234375,0.0,False
2024-10-08,2469.996624755859,2541.236700439453,2609.300048828125,2639.0,0.0,False
2024-10-09,2472.7832967122395,2544.8533650716145,2603.0,2607.699951171875,0.0,False
2024-10-10,2475.93413289388,2546.489198811849,2602.5,2628.300048828125,0.0,False
2024-10-11,2478.5099670410154,2549.4400329589844,2638.199951171875,2658.10009765625,0.0,False
2024-10-14,2481.797462972005,2553.0125386555987,2647.800048828125,2655.300048828125,0.0,False
2024-10-15,2486.407462565104,2556.812540690104,2661.39990234375,2661.39990234375,0.0,False
2024-10-16,2491.1499633789062,2561.0500366210936,2674.0,2674.0,0.0,False
2024-10-17,2496.037465413411,2565.1425313313803,2677.199951171875,2691.699951171875,0.0,False
2024-10-18,2500.5382954915362,2569.898366292318,2713.699951171875,2719.60009765625,0.0,False
2024-10-21,2506.7607950846354,2575.7358683268226,2719.5,2738.39990234375,0.0,False
2024-10-22,2512.461631266276,2581.4717020670573,2728.60009765625,2746.0,0.0,False
2024-10-23,2518.141632080078,2588.021697998047,2714.199951171875,2742.5,0.0,False
2024-10-24,2523.4782958984374,2592.998364257812,2729.0,2736.10009765625,0.0,False
2024-10-25,2529.56079305013,2597.1958638509113,2725.5,2742.39990234375,0.0,False
2024-10-28,2534.854132080078,2602.099188232422,2729.5,2742.89990234375,0.0,False
2024-10-29,2541.330800374349,2606.1958516438804,2768.39990234375,2768.39990234375,0.0,False
2024-10-30,2549.502469889323,2610.2475138346354,2774.60009765625,2789.0,0.0,False
2024-10-31,2556.844138590495,2616.219175211588,2733.5,2787.5,0.0,False
2024-11-01,2561.7033060709637,2622.953342692057,2734.199951171875,2756.0,0.0,False
2024-11-04,2567.394140625,2627.8091796875,2736.10009765625,2737.10009765625,0.0,False
2024-11-05,2572.775809733073,2632.5608439127604,2740.300048828125,2743.89990234375,0.0,False
2024-11-06,2578.262483723958,2636.337508138021,2659.39990234375,2734.5,0.0,False
2024-11-07,2580.0708170572916,2641.2258463541666,2662.5,2699.10009765625,0.0,False
2024-11-08,2584.2899861653646,2645.640010579427,2682.89990234375,2694.60009765625,0.0,False
2024-11-11,2588.816646321615,2648.926680501302,2611.199951171875,2671.699951171875,0.24956509071789637,False
2024-11-12,2590.5958129882815,2650.900842285156,2592.800048828125,2605.5,0.08434985718430185,True
2024-11-13,2592.447481282552,2652.322505696615,2580.800048828125,2611.800048828125,-1.2058866307927103,False
2024-11-14,2593.495817057292,2653.5908365885416,2554.199951171875,2576.199951171875,-2.8925612502900586,False
2024-11-15,2594.22998453776,2654.8500040690105,2565.699951171875,2565.699951171875,-3.261146726033152,False
2024-11-18,2596.5016520182294,2655.471671549479,2589.39990234375,2610.699951171875,0.08976356607167228,False
2024-11-19,2598.219984944661,2657.16001180013,2619.300048828125,2627.699951171875,0.0529472781430352,True
2024-11-20,2600.1833231608075,2658.8433451334636,2638.5,2648.199951171875,0.06042474410761328,True
2024-11-21,2602.5491617838543,2660.884171549479,2655.699951171875,2672.10009765625,0.03184268611441164,False
2024-11-22,2604.990826416016,2664.1458435058594,2685.60009765625,2710.5,0.0,False
2024-11-25,2607.983329264323,2667.293339029948,2616.800048828125,2689.39990234375,0.318659693428046,False
2024-11-26,2609.0083292643226,2670.368339029948,2620.300048828125,2625.60009765625,0.03560936120316594,True
2024-11-27,2611.6866638183596,2672.0366760253905,2627.199951171875,2657.89990234375,0.19950498369937997,True
2024-11-29,2613.608329264323,2674.9983439127604,2620.699951171875,2664.300048828125,0.29175447693387524,True
2024-12-02,2615.442498779297,2678.017510986328,2621.699951171875,2649.800048828125,0.19404861447763164,True
2024-12-03,2617.95166015625,2680.2216796875,2636.0,2654.699951171875,0.12772272954175307,True
2024-12-04,2620.2008239746096,2682.7358459472657,2637.0,2658.300048828125,0.14620771566668136,True
2024-12-05,2622.0266560872396,2685.626680501302,2625.699951171875,2655.0,0.20651464760778718,True
2024-12-06,2623.7899881998696,2687.6800150553386,2617.5,2643.10009765625,0.13687504387729701,False
2024-12-09,2625.446657307943,2688.9366841634114,2630.800048828125,2677.10009765625,0.32428460210353927,True
2024-12-10,2626.1024881998696,2691.0675150553384,2661.0,2698.199951171875,0.21836003056986894,False
2024-12-11,2627.1258260091145,2693.950850423177,2693.10009765625,2733.800048828125,0.006440069647538323,False
2024-12-12,2629.3708272298177,2697.3558492024736,2677.39990234375,2725.10009765625,0.15448723923446703,False
2024-12-13,2630.662489827474,2699.957521565755,2647.89990234375,2689.300048828125,0.3285622069467999,True
2024-12-16,2631.3108194986976,2701.575858561198,2651.0,2663.300048828125,0.09935609056926659,True
2024-12-17,2632.3133219401043,2701.6233561197914,2632.5,2652.300048828125,0.15695370172916367,True
2024-12-18,2632.1166524251303,2702.416689046224,2590.199951171875,2647.10009765625,0.1210246498333151,False
2024-12-19,2631.3691507975263,2702.6741923014324,2582.10009765625,2610.300048828125,-4.405948407936436,False
2024-12-20,2629.9199829101562,2701.890026855469,2604.89990234375,2631.60009765625,-0.12329011253793824,False
2024-12-23,2628.7933085123695,2701.643369547526,2611.10009765625,2627.699951171875,-1.8565000220860952,False
2024-12-24,2628.604982503255,2700.765028889974,2609.5,2620.0,-0.9687804545219255,False
2024-12-26,2629.0466512044272,2699.786690266927,2627.89990234375,2638.800048828125,0.07962317079055856,False
2024-12-27,2629.286647542318,2698.5966939290365,2616.39990234375,2617.699951171875,-1.361144258887441,False
2024-12-30,2629.185809326172,2697.700860595703,2597.0,2626.89990234375,-2.6002856565665278,False
2024-12-31,2628.0158142089845,2697.170855712891,2604.89990234375,2629.199951171875,0.00939433654239332,False
2025-01-02,2627.8316446940103,2696.801688639323,2633.0,2663.10009765625,0.23798189717475343,True
2025-01-03,2627.774137369792,2697.3291910807293,2641.800048828125,2658.699951171875,0.13513420357520828,True
2025-01-06,2628.594138590495,2697.5091898600263,2617.300048828125,2647.0,0.14526805520482738,False
2025-01-07,2628.5091369628904,2698.674188232422,2653.0,2657.5,0.036371537511309476,True
2025-01-08,2629.643302408854,2698.7433512369794,2653.5,2676.89990234375,0.1851769866370785,True
2025-01-09,2629.6708068847656,2698.9458435058596,2667.89990234375,2686.300048828125,0.14610058612660698,True
2025-01-10,2629.9983032226564,2699.8183471679686,2683.699951171875,2720.10009765625,0.12927711950034074,False
2025-01-13,2629.8733011881513,2701.5133524576822,2673.5,2711.199951171875,0.23217024078502838,False
2025-01-14,2628.9224690755204,2702.447517903646,2670.800048828125,2688.300048828125,0.1497352442065347,True
2025-01-15,2628.6224690755207,2702.2975179036457,2690.800048828125,2712.5,0.09863277572463243,False
2025-01-16,2628.2074747721354,2702.6725138346355,2731.699951171875,2749.800048828125,0.0,False
2025-01-17,2628.615799967448,2703.040848795573,2725.5,2751.60009765625,0.0,False
2025-01-21,2628.3999633789062,2703.2600219726564,2724.800048828125,2755.0,0.0,False
2025-01-22,2629.0291341145835,2703.9841878255206,2753.5,2768.800048828125,0.0,False
2025-01-23,2629.369138590495,2704.734189860026,2745.39990234375,2765.0,0.0,False
2025-01-24,2629.6716369628907,2705.171697998047,2759.800048828125,2792.0,0.0,False
2025-01-27,2629.774971516927,2706.2150349934896,2737.5,2762.199951171875,0.0,False
2025-01-28,2628.642474365234,2706.3175354003906,2738.0,2766.800048828125,0.0,False
2025-01-29,2627.9208048502605,2706.3158732096354,2769.10009765625,2769.10009765625,0.0,False
2025-01-30,2629.784138997396,2705.479207356771,2770.0,2829.5,0.0,False
2025-01-31,2630.2483052571615,2707.82837117513,2804.0,2838.0,0.0,False
2025-02-03,2630.6966369628904,2709.9267028808595,2780.89990234375,2848.39990234375,0.0,False
2025-02-04,2630.6591308593747,2713.0842041015626,2816.10009765625,2853.300048828125,0.0,False
2025-02-05,2634.7016337076825,2715.231699625651,2848.0,2880.5,0.0,False
2025-02-06,2637.690806070964,2718.01586710612,2836.300048828125,2871.699951171875,0.0,False
2025-02-07,2639.9066467285156,2721.416693115234,2857.800048828125,2889.5,0.0,False
2025-02-10,2644.8949829101566,2724.9650268554688,2863.800048828125,2916.10009765625,0.0,False
2025-02-11,2649.1433146158856,2731.1933634440106,2890.0,2945.39990234375,0.0,False
2025-02-12,2654.0616495768227,2737.3316935221355,2868.60009765625,2912.300048828125,0.0,False
2025-02-13,2659.199151611328,2743.5541931152343,2910.60009765625,2937.699951171875,0.0,False
2025-02-14,2664.5249877929687,2750.2350219726563,2874.800048828125,2944.39990234375,0.0,False
2025-02-18,2667.8674926757812,2755.992517089844,2873.800048828125,2936.39990234375,0.0,False
2025-02-19,2671.5874938964844,2762.4225158691406,2917.10009765625,2946.0,0.0,False
2025-02-20,2675.6274943033854,2767.422513834635,2924.199951171875,2955.800048828125,0.0,False
2025-02-21,2679.7124938964844,2772.2675109863285,2917.300048828125,2940.0,0.0,False
2025-02-24,2683.5624959309894,2776.0075154622396,2933.10009765625,2957.89990234375,0.0,False
2025-02-25,2690.2758280436196,2780.3308451334638,2890.0,2943.199951171875,0.0,False
2025-02-26,2693.8149963378905,2786.265008544922,2913.0,2917.0,0.0,False
2025-02-27,2699.0974975585937,2790.2125122070315,2870.39990234375,2922.800048828125,0.0,False
2025-02-28,2702.6474955240883,2794.2025126139324,2834.10009765625,2877.10009765625,0.0,False
2025-03-03,2705.640000406901,2797.9400126139326,2863.39990234375,2891.800048828125,0.0,False
2025-03-04,2709.4891621907555,2802.2741841634115,2886.10009765625,2927.89990234375,0.0,False
2025-03-05,2713.240002441406,2807.050012207031,2893.0,2922.0,0.0,False
2025-03-06,2718.0591695149737,2811.854176839193,2903.800048828125,2918.60009765625,0.0,False
2025-03-07,2722.9625040690103,2816.2175089518228,2900.5,2927.300048828125,0.0,False
2025-03-10,2727.4466715494796,2819.7266764322917,2880.199951171875,2915.10009765625,0.0,False
2025-03-11,2730.727498372396,2822.892513020833,2880.39990234375,2916.699951171875,0.0,False
2025-03-12,2733.8224934895834,2825.7675130208336,2910.0,2939.10009765625,0.0,False
2025-03-13,2738.480830891927,2829.4958455403644,2935.199951171875,2988.0,0.0,False
2025-03-14,2743.6675008138022,2835.252510579427,2986.0,3004.800048828125,0.0,False
2025-03-17,2749.2233357747396,2841.133345540364,2989.0,3001.5,0.0,False
2025-03-18,2755.3325052897135,2846.8775126139326,3004.39990234375,3039.199951171875,0.0,False
2025-03-19,2762.5283426920573,2852.9683451334636,3030.89990234375,3050.89990234375,0.0,False
2025-03-20,2770.128340657552,2860.1583455403643,3034.39990234375,3047.300048828125,0.0,False
2025-03-21,2777.3283426920575,2866.6683451334634,3000.89990234375,3037.5,0.0,False
2025-03-24,2783.5933349609377,2873.933349609375,3006.0,3024.300048828125,0.0,False
2025-03-25,2789.9500020345054,2880.6800191243487,3023.699951171875,3028.800048828125,0.0,False
2025-03-26,2796.510001627604,2886.950016276042,3019.5,3033.199951171875,0.0,False
2025-03-27,2802.9283365885417,2893.988346354167,3025.5,3065.0,0.0,False
2025-03-28,2810.2566650390627,2901.7966796875,3066.800048828125,3094.89990234375,0.0,False
2025-03-31,2817.7833374023435,2909.5133422851563,3086.0,3132.5,0.0,False
2025-04-01,2825.105008951823,2917.655008951823,3104.0,3149.5,0.0,False
2025-04-02,2832.288338216146,2926.2683430989587,3117.39990234375,3168.60009765625,0.0,False
2025-04-03,2840.1091654459633,2935.1641825358074,3052.0,3166.89990234375,0.0,False
2025-04-04,2844.687502034505,2945.2625142415363,3011.0,3127.699951171875,0.0,False
2025-04-07,2848.1466674804688,2953.3866821289066,2949.699951171875,3050.800048828125,0.03727379211196809,False
2025-04-08,2850.537502034505,2959.9125142415364,2968.39990234375,3014.5,0.0,False
2025-04-09,2854.6266682942705,2964.486678059896,2965.800048828125,3090.39990234375,0.0,False
2025-04-10,2858.8375040690107,2973.042508951823,3072.10009765625,3167.0,0.0,False
2025-04-11,2864.8641723632813,2982.939172363281,3182.10009765625,3235.0,0.0,False
2025-04-14,2872.5791727701826,2992.214170328776,3194.5,3228.800048828125,0.0,False
2025-04-15,2879.814176432292,3000.259171549479,3214.0,3218.699951171875,0.0,False
2025-04-16,2888.2558451334635,3007.630832926432,3238.300048828125,3334.89990234375,0.0,False
2025-04-17,2896.122515869141,3018.817498779297,3287.800048828125,3345.0,0.0,False
2025-04-21,2904.0933492024737,3028.8833272298175,3342.199951171875,3418.5,0.0,False
2025-04-22,2913.3941813151046,3041.0191569010417,3361.699951171875,3485.60009765625,0.0,False
2025-04-23,2921.493343098958,3053.703328450521,3256.199951171875,3370.300048828125,0.0,False
2025-04-24,2928.238340250651,3064.9183329264324,3304.89990234375,3353.89990234375,0.0,False
2025-04-25,2937.1533406575522,3074.843330891927,3266.10009765625,3355.5,0.0,False
2025-04-28,2943.4733398437497,3085.6333251953124,3284.5,3332.5,0.0,False
2025-04-29,2952.2525065104164,3093.8374918619793,3299.89990234375,3340.0,0.0,False
2025-04-30,2960.538338216146,3102.4283284505204,3268.0,3318.699951171875,0.0,False
2025-05-01,2968.8100077311196,3109.8599955240884,3198.60009765625,3275.0,0.0,False
2025-05-02,2973.775008138021,3116.784993489583,3225.0,3257.0,0.0,False
2025-05-05,2979.7925048828124,3122.777490234375,3239.699951171875,3315.699951171875,0.0,False
2025-05-06,2986.3658365885417,3131.3808268229163,3356.800048828125,3430.89990234375,0.0,False
2025-05-07,2994.3741699218754,3141.5091552734375,3364.699951171875,3418.699951171875,0.0,False
2025-05-08,3002.116668701172,3149.3366516113283,3288.699951171875,3390.0,0.0,False
2025-05-09,3007.3708333333334,3156.885823567708,3299.0,3335.5,0.0,False
2025-05-12,3014.6574971516925,3163.812489827474,3205.0,3300.699951171875,0.0,False
2025-05-13,3017.8441630045577,3170.429160563151,3223.5,3251.39990234375,0.0,False
2025-05-14,3024.831660970052,3175.331660970052,3171.699951171875,3233.0,0.04047619991916331,False
2025-05-15,3029.0274861653643,3179.4624959309895,3125.0,3228.10009765625,0.6057010830600243,False
2025-05-16,3032.1941487630206,3186.3391682942706,3173.89990234375,3228.10009765625,0.1395115208705217,False
2025-05-19,3035.662479654948,3190.9375040690106,3228.300048828125,3241.0,0.0,False
2025-05-20,3040.7674763997397,3195.5425008138022,3207.5,3293.199951171875,0.0,False
2025-05-21,3044.7849751790363,3202.605006917318,3290.199951171875,3317.5,0.0,False
2025-05-22,3052.179140218099,3208.7041768391928,3282.699951171875,3328.0,0.0,False
2025-05-23,3057.404972330729,3215.995011393229,3323.5,3363.60009765625,0.0,False
2025-05-27,3065.719142659505,3223.6941792805987,3296.300048828125,3341.0,0.0,False
2025-05-28,3073.3816446940104,3231.4416788736976,3293.60009765625,3293.60009765625,0.0,False
2025-05-29,3080.814984130859,3237.455010986328,3242.39990234375,3328.800048828125,0.0,False
2025-05-30,3086.4916422526044,3245.3616861979167,3270.89990234375,3318.0,0.0,False
2025-06-02,3092.265804036458,3252.0408528645835,3296.89990234375,3380.800048828125,0.0,False
2025-06-03,3098.1049682617186,3261.3350219726562,3331.300048828125,3390.0,0.0,False
2025-06-04,3104.7324707031253,3269.55751953125,3344.0,3380.0,0.0,False
2025-06-05,3112.746641031901,3277.626682535807,3343.699951171875,3400.0,0.0,False
2025-06-06,3119.54330851237,3285.423350016276,3306.0,3364.300048828125,0.0,False
2025-06-09,3125.206640625,3292.5466796875003,3290.0,3334.60009765625,0.028267850966723348,False
2025-06-10,3131.2083068847655,3298.1383483886716,3302.0,3344.300048828125,0.0,False
2025-06-11,3136.0608052571615,3304.1658467610678,3321.300048828125,3356.0,0.0,False
2025-06-12,3140.860807291667,3310.075846354167,3353.39990234375,3395.89990234375,0.0,False
2025-06-13,3146.431638590495,3316.0316752115887,3407.300048828125,3444.0,0.0,False
2025-06-16,3152.6024739583336,3323.0375081380207,3385.39990234375,3442.0,0.0,False
2025-06-17,3157.4499735514323,3330.070005289713,3376.10009765625,3398.300048828125,0.0,False
2025-06-18,3163.949979654948,3335.8500040690105,3365.10009765625,3391.89990234375,0.0,False
2025-06-20,3170.0158182779946,3342.340830485026,3341.0,3372.89990234375,0.014753403568022409,False
2025-06-23,3175.0858256022134,3348.75082804362,3350.0,3387.89990234375,0.0,False
2025-06-24,3180.4274943033856,3355.3024943033856,3301.0,3358.0,0.5979645135646895,False
2025-06-25,3184.27666015625,3360.02666015625,3310.60009765625,3331.199951171875,0.22686701098216108,True
2025-06-26,3188.474161783854,3363.849161783854,3332.39990234375,3333.5,0.012084805849374086,True
2025-06-27,3193.120825195312,3366.225830078125,3253.800048828125,3318.699951171875,0.7082390343782736,True
2025-06-30,3195.215828450521,3369.2908284505206,3262.0,3306.89990234375,0.4905291653629284,True
2025-07-01,3197.94833577474,3371.708321126302,3310.10009765625,3354.10009765625,0.47982866401063456,True
2025-07-02,3203.715832519531,3373.9308227539063,3329.0,3357.5,0.3077091802013853,True
2025-07-03,3211.520831298828,3377.325823974609,3322.300048828125,3362.0,0.42295442452360843,True
2025-07-04,3219.394169108073,3382.1291544596356,3332.5,3342.0,0.10012333837431256,True
2025-07-07,3226.3775065104164,3387.2824869791666,3299.199951171875,3333.300048828125,0.3566558155536814,True
2025-07-08,3233.234999593099,3389.61499226888,3287.60009765625,3334.5,0.4832204727252511,True
2025-07-09,3236.965000406901,3390.9449930826822,3282.0,3314.0,0.32694239240283074,True
2025-07-10,3238.977500406901,3391.912497965495,3311.60009765625,3330.5,0.1923421807495633,True
2025-07-11,3241.2391682942707,3393.404158528646,3330.5,3370.0,0.4006698242423314,True
2025-07-14,3242.657501220703,3396.5624938964847,3350.0,3375.5,0.2598162882772592,True
2025-07-15,3244.8499959309893,3395.1999959309896,3329.800048828125,3341.0,0.11280329957269335,True
2025-07-16,3246.3516642252603,3394.4016642252604,3329.5,3352.89990234375,0.23382765184894433,True
2025-07-17,3246.779168701172,3392.1841613769534,3313.800048828125,3340.800048828125,0.26742380593550646,True
2025-07-18,3248.190006510417,3388.749991861979,3338.199951171875,3353.0,0.14402496376934049,True
2025-07-21,3251.950840250651,3387.5458231608072,3350.300048828125,3411.699951171875,0.35495984883345094,False
2025-07-22,3252.805841064453,3389.020819091797,3395.60009765625,3441.0,0.0,False
2025-07-23,3256.5191752115884,3390.5341532389325,3388.10009765625,3433.89990234375,0.02299664277000401,False
2025-07-24,3257.6008483886717,3391.5058166503904,3367.0,3371.0,0.03775450898726806,True
2025-07-25,3259.373350016276,3391.4733133951822,3326.5,3345.0,0.17312597977139113,True
2025-07-28,3260.6616821289062,3391.1516479492184,3309.10009765625,3326.800048828125,0.1643604414680342,True
2025-07-29,3263.780849202474,3391.3358174641926,3323.39990234375,3323.39990234375,0.0,True
2025-07-30,3266.105849202474,3392.060817464193,3263.89990234375,3331.800048828125,0.595494292875276,False
2025-07-31,3266.050012207031,3391.5999877929685,3272.89990234375,3312.0,0.35372287163952193,True
2025-08-01,3264.955006917318,3388.7549947102866,3281.0,3360.60009765625,0.7140964837253273,True
2025-08-04,3263.753338623047,3388.833331298828,3347.39990234375,3386.5,0.35329222598043736,True
2025-08-05,3266.605000813802,3388.5749959309896,3351.199951171875,3387.199951171875,0.31956610763334276,True
2025-08-06,3267.392500813802,3389.3374959309895,3361.300048828125,3383.300048828125,0.19518569331097896,True
2025-08-07,3271.9016662597655,3390.161663818359,3384.89990234375,3422.89990234375,0.04561108545504318,False
2025-08-08,3274.3158304850263,3393.0808329264323,3402.5,3477.0,0.0,False
2025-08-11,3278.280834960937,3397.7058349609374,3349.199951171875,3383.89990234375,0.30185373569122076,True
2025-08-12,3282.19750773112,3398.202500406901,3330.10009765625,3356.199951171875,0.2219511845254643,True
2025-08-13,3285.681681315104,3400.2816569010415,3358.699951171875,3363.39990234375,0.039536947043468766,True
2025-08-14,3288.0450154622395,3402.2449910481773,3328.89990234375,3356.0,0.22708820035433686,True
2025-08-15,3290.425010172526,3401.6949930826827,3335.89990234375,3346.800048828125,0.08940938349324999,True
2025-08-18,3291.2800069173177,3401.729994710286,3331.699951171875,3347.800048828125,0.1312247659401965,True
2025-08-19,3292.666670735677,3401.656660970052,3313.39990234375,3343.5,0.2425063644080727,True
2025-08-20,3292.080000813802,3400.569991048177,3310.10009765625,3343.5,0.2681572723155835,True
2025-08-21,3293.10083211263,3401.025819905599,3326.5,3349.39990234375,0.182951839544183,True
2025-08-22,3293.249997965495,3402.319980875651,3349.39990234375,3377.699951171875,0.22806809099776182,True
2025-08-25,3295.6574971516925,3401.8224751790362,3366.0,3378.0,0.0943981495086778,True
2025-08-26,3297.9500020345054,3402.3599751790366,3371.10009765625,3396.5,0.19663234817512346,True
2025-08-27,3299.712508138021,3401.1974690755205,3382.0,3404.60009765625,0.14461623776075772,False
2025-08-28,3301.5216735839845,3401.201641845703,3400.0,3434.60009765625,0.00888641724421037,False
2025-08-29,3302.528338623047,3402.138311767578,3426.60009765625,3475.60009765625,0.0,False
2025-09-02,3304.76083984375,3404.0058105468747,3485.699951171875,3559.199951171875,0.0,False
2025-09-03,3308.1591735839843,3408.1641418457034,3553.199951171875,3593.699951171875,0.0,False
2025-09-04,3312.613340250651,3412.413303629557,3549.89990234375,3573.60009765625,0.0,False
2025-09-05,3317.160005696615,3416.0299763997396,3567.800048828125,3613.199951171875,0.0,False
2025-09-08,3321.7575052897137,3421.1624735514324,3590.0,3641.0,0.0,False
2025-09-09,3325.8316752115884,3425.6616434733073,3627.800048828125,3670.39990234375,0.0,False
2025-09-10,3329.219179280599,3429.3441426595055,3620.800048828125,3655.39990234375,0.0,False
2025-09-11,3333.889188639323,3432.914139811198,3618.39990234375,3636.89990234375,0.0,False
2025-09-12,3338.153350830078,3436.993304443359,3643.0,3656.800048828125,0.0,False
2025-09-15,3342.805008951823,3440.9949747721357,3635.10009765625,3686.39990234375,0.0,False
2025-09-16,3347.555008951823,3446.7149698893227,3681.39990234375,3698.60009765625,0.0,False
2025-09-17,3353.259167480469,3451.384143066406,3661.60009765625,3685.199951171875,0.0,False
2025-09-18,3360.1675069173175,3456.6224751790364,3637.0,3667.39990234375,0.0,False
2025-09-19,3365.1991699218747,3462.144140625,3658.199951171875,3685.89990234375,0.0,False
2025-09-22,3370.1675069173175,3468.4424702962237,3688.0,3748.199951171875,0.0,False
2025-09-23,3378.068339029948,3476.1083048502605,3740.0,3786.0,0.0,False
2025-09-24,3386.1441731770833,3484.2391438802083,3732.10009765625,3772.5,0.0,False
2025-09-25,3392.824178059896,3490.7391438802083,3724.699951171875,3756.0,0.0,False
2025-09-26,3399.2358418782555,3497.290810139974,3775.300048828125,3775.300048828125,0.0,False
2025-09-29,3407.62333984375,3503.693310546875,3754.800048828125,3827.60009765625,0.0,False
2025-09-30,3414.180836995443,3513.415810139974,3793.39990234375,3865.5,0.0,False
2025-10-01,3421.7075052897135,3522.842478434245,3853.300048828125,3891.89990234375,0.0,False
2025-10-02,3431.2566731770835,3531.9766438802085,3823.699951171875,3888.60009765625,0.0,False
2025-10-03,3439.2358337402343,3541.600811767578,3853.699951171875,3886.800048828125,0.0,False
2025-10-06,3448.2708312988284,3551.345819091797,3926.800048828125,3960.0,0.0,False
2025-10-07,3458.3033325195315,3561.0633178710937,3940.0,3981.5,0.0,False
2025-10-08,3468.321667480469,3571.8816528320312,3987.199951171875,4049.199951171875,0.0,False
2025-10-09,3478.943332926432,3585.043320719401,3940.0,4046.199951171875,0.0,False
2025-10-10,3486.7699991861978,3597.0099894205728,3945.5,4012.0,0.0,False
2025-10-13,3496.379162597656,3608.5941528320313,4016.0,4111.0,0.0,False
2025-10-14,3506.967498779297,3623.192486572266,4085.800048828125,4160.10009765625,0.0,False
2025-10-15,3518.925,3635.7949951171877,4145.0,4210.60009765625,0.0,False
2025-10-16,3530.7149943033855,3648.594999186198,4196.60009765625,4307.0,0.0,False
2025-10-17,3543.8683268229165,3664.978336588542,4182.2001953125,4358.0,0.0,False
2025-10-20,3553.2216634114584,3682.921663411458,4214.60009765625,4356.60009765625,0.0,False
2025-10-21,3566.840828450521,3702.715828450521,4087.699951171875,4332.7001953125,0.0,False
2025-10-22,3574.134985351562,3721.375,4006.0,4148.5,0.0,False
2025-10-23,3582.589152018229,3736.954166666667,4070.699951171875,4136.7998046875,0.0,False
2025-10-24,3596.4624918619793,3750.737491861979,4074.89990234375,4120.60009765625,0.0,False
2025-10-27,3610.050821940104,3764.655826822917,3971.300048828125,4078.60009765625,0.0,False
2025-10-28,3620.2616556803387,3776.251658121745,3923.60009765625,3966.199951171875,0.0,False
2025-10-29,3630.0374959309893,3786.2024861653645,3983.699951171875,3983.699951171875,0.0,False
2025-10-30,3640.967496744792,3795.332486979167,3913.699951171875,4027.199951171875,0.0,False
2025-10-31,3649.0349975585937,3807.9749877929685,3976.60009765625,4034.5,0.0,False
2025-11-03,3658.235831705729,3818.1708170572915,3959.0,4020.0,0.0,False
2025-11-04,3667.9266642252605,3827.1866495768227,3927.39990234375,3995.39990234375,0.0,False
2025-11-05,3677.004160563151,3837.9291483561196,3929.89990234375,3983.5,0.0,False
2025-11-06,3686.839990234375,3849.139990234375,3979.89990234375,4007.5,0.0,False
2025-11-07,3696.620819091797,3860.0658264160156,3980.800048828125,3999.39990234375,0.0,False
2025-11-10,3707.9033243815106,3870.9233194986978,4060.0,4111.7998046875,0.0,False
2025-11-11,3719.810829671224,3884.8758076985673,4106.7998046875,4140.10009765625,0.0,False
2025-11-12,3732.2991556803386,3898.2241434733073,4102.89990234375,4204.39990234375,0.0,False
2025-11-13,3745.364158121745,3914.859141031901,4163.7001953125,4228.7001953125,0.0,False
2025-11-14,3758.632489013672,3929.7074768066404,4047.0,4197.89990234375,0.0,False
2025-11-17,3767.944158935547,3945.419146728516,4019.39990234375,4099.5,0.0,False
2025-11-18,3778.2141601562503,3958.279150390625,4035.60009765625,4063.39990234375,0.0,False
2025-11-19,3789.2774983723957,3970.1324788411457,4072.0,4122.7001953125,0.0,False
2025-11-20,3800.129988606771,3982.2499837239584,4040.199951171875,4090.39990234375,0.0,False
2025-11-21,3810.304990641276,3993.8049784342447,4031.800048828125,4085.199951171875,0.0,False
2025-11-24,3820.5833272298178,4005.023305257161,4060.5,4091.89990234375,0.0,False
2025-11-25,3831.3266621907555,4014.8866353352864,4139.2001953125,4139.2001953125,0.0,False
2025-11-26,3842.9941670735675,4022.879140218099,4127.5,4171.0,0.0,False
2025-11-28,3852.4525044759116,4032.487477620443,4140.0,4223.89990234375,0.0,False
2025-12-01,3861.82250773112,4044.8674662272133,4214.89990234375,4262.10009765625,0.0,False
2025-12-02,3872.2124979654945,4055.347471110026,4167.0,4230.5,0.0,False
2025-12-03,3881.0416646321614,4064.801637776693,4195.7001953125,4234.10009765625,0.0,False
2025-12-04,3890.413326009115,4073.963301595052,4175.0,4211.7998046875,0.0,False
2025-12-05,3899.8283223470053,4083.4882954915365,4194.5,4255.7001953125,0.0,False
2025-12-08,3908.3608174641927,4094.155800374349,4175.5,4215.7998046875,0.0,False
2025-12-09,3916.6616617838545,4103.781632486979,4177.7001953125,4219.7001953125,0.0,False
2025-12-10,3925.6358276367187,4112.290808105468,4183.60009765625,4234.5,0.0,False
2025-12-11,3933.251668294271,4121.591634114584,4214.2998046875,4286.89990234375,0.0,False
2025-12-12,3942.0883280436196,4132.878306070963,4260.0,4355.0,0.0,False
2025-12-15,3951.4133280436195,4145.433310953776,4292.89990234375,4349.2001953125,0.0,False
2025-12-16,3961.284989420573,4156.734989420573,4270.5,4321.39990234375,0.0,False
2025-12-17,3970.9141581217445,4165.8991556803385,4308.5,4351.39990234375,0.0,False
2025-12-18,3980.4399922688804,4175.269984944662,4328.2001953125,4348.10009765625,0.0,False
2025-12-19,3991.075823974609,4184.88081665039,4350.10009765625,4361.39990234375,0.0,False
2025-12-22,4001.9841634114587,4194.789143880209,4371.10009765625,4447.60009765625,0.0,False
2025-12-23,4011.2266642252607,4207.85664469401,4450.39990234375,4503.7998046875,0.0,False
2025-12-24,4022.7433329264322,4218.4033060709635,4468.39990234375,4503.39990234375,0.0,False
2025-12-26,4034.334169514974,4228.139137776692,4502.0,4556.2998046875,0.0,False
2025-12-29,4044.968339029948,4239.55830485026,4325.10009765625,4379.0,0.0,False
2025-12-30,4053.3333475748695,4247.37330118815,4338.0,4403.60009765625,0.0,False
2025-12-31,4060.6758483886724,4256.340802001953,4285.0,4363.7998046875,0.0,False
2026-01-02,4065.820853678385,4263.7657999674475,4314.39990234375,4350.60009765625,0.0,False
2026-01-05,4071.5833455403645,4269.263301595052,4384.7998046875,4443.5,0.0,False
2026-01-06,4078.225838216146,4275.740804036458,4449.0,4482.2001953125,0.0,False
2026-01-07,4088.9825012207034,4282.847479248047,4449.2998046875,4450.0,0.0,False
2026-01-08,4098.517494710287,4289.092482503255,4418.0,4461.2998046875,0.0,False
2026-01-09,4105.495001220703,4293.484979248047,4473.0,4490.2998046875,0.0,False
2026-01-12,4112.780000813803,4297.919966634115,4577.7998046875,4620.0,0.0,False
2026-01-13,4120.488330078125,4304.45830078125,4578.60009765625,4617.10009765625,0.0,False
2026-01-14,4127.435827636719,4307.810803222656,4608.2001953125,4635.0,0.0,False
2026-01-15,4138.434159342448,4311.359134928386,4612.89990234375,4616.2998046875,0.0,False
2026-01-16,4146.56416015625,4312.559130859375,4588.39990234375,4608.0,0.0,False
2026-01-20,4160.544163004557,4315.269126383464,4661.7998046875,4764.0,0.0,False
2026-01-21,4173.471661376953,4326.181634521484,4771.5,4872.2998046875,0.0,False
2026-01-22,4184.3758260091145,4338.82079671224,4791.89990234375,4908.7998046875,0.0,False
2026-01-23,4195.7691650390625,4353.774121093749,4936.0,4976.2001953125,0.0,False
2026-01-26,4213.684999593099,4368.334962972005,5052.2001953125,5095.60009765625,0.0,False
2026-01-27,4232.223335774739,4386.913301595052,5079.89990234375,5079.89990234375,0.0,False
2026-01-28,4250.493334960937,4405.18330078125,5301.60009765625,5301.60009765625,0.0,False
2026-01-29,4275.002502441406,4424.017468261718,5097.5,5586.2001953125,0.0,False
2026-01-30,4286.502494303385,4457.057474772136,4700.0,5440.5,0.0,False
2026-02-02,4281.4083251953125,4485.938305664062,4400.0,4855.7998046875,0.6650778673263728,False
2026-02-03,4282.959997558593,4506.879968261719,4674.2998046875,4984.60009765625,0.0,False
2026-02-04,4291.9324951171875,4528.687475585937,4897.89990234375,5082.2001953125,0.0,False
2026-02-05,4303.689990234375,4548.27998046875,4786.0,5012.2998046875,0.0,False
2026-02-06,4312.864158121745,4567.839145914713,4655.0,4958.5,0.0,False
2026-02-09,4320.561659749349,4588.121657307943,4979.10009765625,5065.7001953125,0.0,False
2026-02-10,4334.964166259766,4605.189154052734,5002.7001953125,5029.0,0.0,False
2026-02-11,4350.167502848308,4616.632480875651,5041.2998046875,5111.2998046875,0.0,False
2026-02-12,4364.787506103516,4631.502484130859,4892.0,5078.10009765625,0.0,False
2026-02-13,4377.842502848308,4646.317490641276,4946.2001953125,5043.89990234375,0.0,False
2026-02-17,4393.2975118001295,4662.652480061849,4847.7998046875,5020.0,0.0,False
2026-02-18,4403.380832926432,4679.9558207194,4869.5,4987.0,0.0,False
2026-02-19,4416.857505289713,4696.772483317057,4975.89990234375,5014.7001953125,0.0,False
2026-02-20,4432.46582845052,4711.810823567708,5039.5,5072.7001953125,0.0,False
2026-02-23,4449.347485351562,4727.6824951171875,5120.2998046875,5211.60009765625,0.0,False
2026-02-24,4466.396647135417,4747.726676432291,5112.7001953125,5159.0,0.0,False
2026-02-25,4482.182478841146,4765.827498372396,5166.0,5206.39990234375,0.0,False
2026-02-26,4499.613309733073,4783.103324381511,5143.89990234375,5199.2001953125,0.0,False
2026-02-27,4516.298303222657,4798.358337402344,5176.7001953125,5280.0,0.0,False
2026-03-02,4531.41581624349,4816.2808308919275,5266.2998046875,5405.0,0.0,False
2026-03-03,4547.999141438802,4836.624165852865,5023.0,5303.7998046875,0.0,False
2026-03-04,4557.074145507812,4857.819165039063,5117.2001953125,5180.2001953125,0.0,False
2026-03-05,4571.559147135416,4873.614176432291,5054.7001953125,5169.5,0.0,False
2026-03-06,4584.425821940104,4889.160831705729,5076.10009765625,5146.10009765625,0.0,False
2026-03-09,4599.664982096354,4905.885001627605,5077.7001953125,5160.60009765625,0.0,False
2026-03-10,4613.389147949219,4921.654162597656,5137.60009765625,5229.7001953125,0.0,False
2026-03-11,4629.580814615886,4939.905839029948,5167.39990234375,5191.2998046875,0.0,False
2026-03-12,4645.4966512044275,4953.386665852865,5115.7998046875,5137.2001953125,0.0,False
2026-03-13,4660.93163655599,4965.141670735677,5009.5,5117.0,0.0,False
2026-03-16,4672.081640625,4978.85166015625,4994.0,5010.60009765625,0.0,False
2026-03-17,4684.430802408854,4989.485831705729,4994.2001953125,5017.60009765625,0.0,False
2026-03-18,4695.809969075522,4999.889998372396,4821.7001953125,4949.60009765625,1.0036809961269992,True
2026-03-19,4702.28330078125,5011.763330078125,4554.0,4830.2998046875,-5.2667933859247595,False
2026-03-20,4699.646638997396,5022.376668294271,4570.39990234375,4686.89990234375,-7.976533231927679,False
2026-03-23,4700.743302408854,5025.47333170573,4100.7998046875,4480.39990234375,-18.299605031136057,False
2026-03-24,4691.276635742188,5032.316674804688,4325.2001953125,4399.2998046875,-18.0166007604199,False
2026-03-25,4688.944140625,5031.93916015625,4541.7998046875,4551.89990234375,-8.588376074403673,False
2026-03-26,4690.394128417969,5031.179162597657,4375.5,4443.10009765625,-19.434763427169827,False
2026-03-27,4690.891621907553,5032.3616658528645,4492.0,4492.0,-12.273152782592826,False
2026-03-30,4694.563289388021,5032.753328450521,4413.39990234375,4579.10009765625,-10.397314861463409,False
2026-03-31,4695.730777994791,5038.265836588542,4508.60009765625,4684.10009765625,-2.9667575762107457,False
2026-04-01,4697.801619466146,5047.301668294272,4668.0,4789.10009765625,0.7409457132657352,False
2026-04-02,4702.013293457031,5054.633337402344,4558.89990234375,4784.39990234375,-2.437208485446577,False
2026-04-06,4700.027461751301,5062.26249593099,4605.0,4689.60009765625,-2.65681457431721,False
2026-04-07,4701.388297526042,5067.818326822917,4608.0,4676.2998046875,-2.720069391883311,False
2026-04-08,4704.219962565105,5071.899991861979,4738.7998046875,4851.0,0.9188287159653161,True
2026-04-09,4706.167456054687,5078.592504882812,4711.0,4799.10009765625,0.7229623303629242,True
2026-04-10,4708.151631673178,5082.8716756184895,4744.89990234375,4791.0,0.37857136570476657,True
2026-04-13,4710.839957682292,5085.940006510416,4704.0,4742.39990234375,0.2590430472037408,False
2026-04-14,4712.4849568684895,5088.165010579427,4770.10009765625,4841.60009765625,0.5868023087879713,True
2026-04-15,4714.260791015625,5093.345849609374,4798.0,4843.60009765625,0.37472882047335865,True
2026-04-16,4717.137459309895,5097.522517903646,4785.39990234375,4810.89990234375,0.2095374195153397,True
2026-04-17,4719.4849609375,5096.035009765625,4767.2001953125,4879.7001953125,0.9220702700247475,True
2026-04-20,4719.622460937499,5096.75751953125,4770.0,4811.0,0.33613346656072024,True
2026-04-21,4719.816630045573,5093.156693522135,4676.39990234375,4705.0,-1.309494706383451,False
2026-04-22,4715.476627604166,5088.236686197917,4732.5,4754.2001953125,0.1776855074078696,True
2026-04-23,4710.232450358073,5081.907523600261,4705.10009765625,4732.39990234375,-0.13282935893785214,False
2026-04-24,4703.303291829427,5076.3433553059895,4657.5,4722.2998046875,0.15605275145024333,False
2026-04-27,4692.028291829427,5068.308345540365,4675.39990234375,4711.10009765625,-0.8648145465952332,False
2026-04-28,4692.63662516276,5046.266678873698,4591.5,4680.89990234375,-6.230883827802775,False
2026-04-29,4706.874129231771,5027.9491780598955,4515.7001953125,4601.60009765625,-9.96467601819783,False
2026-04-30,4714.83329671224,5017.413350423177,4561.89990234375,4636.7001953125,-6.173277663233869,False
2026-05-01,4715.904130045573,5006.70918375651,4581.7001953125,4636.7001953125,-5.307475979512574,False
2026-05-04,4714.294970703126,4998.635009765625,4512.7001953125,4581.2001953125,-12.033133426978013,False
2026-05-05,4712.541634114584,4988.991682942708,4547.60009765625,4580.5,-9.693838549304326,False
2026-05-06,4712.716630045573,4975.636673990885,4663.60009765625,4712.60009765625,-1.908480836819835,False
2026-05-07,4707.5066324869795,4968.5466715494795,4699.7998046875,4736.2001953125,-0.26378889320701937,False
2026-05-08,4702.187451171875,4963.732519531251,4713.60009765625,4724.7998046875,0.08375199277504583,True
2026-05-11,4697.804121907552,4956.409175618489,4655.10009765625,4758.39990234375,0.4519231163255269,False
