test_id,duration_sec,initial_deposit,net_profit,profit_factor,balance_dd_max,equity_dd_max,total_trades,total_deals,profit_trades,loss_trades,gross_profit,gross_loss,recovery_factor,sharpe,largest_profit,largest_loss
test_id,duration_sec,initial_deposit,net_profit,profit_factor,balance_dd_max,equity_dd_max,total_trades,total_deals,profit_trades,loss_trades,gross_profit,gross_loss,recovery_factor,sharpe,largest_profit,largest_loss
01_baseline,30.3,50 000.00,-10 193.06,0.87,63 359.03 (92.66%),17 302.61 (30.34%),12390,24780,11772 (95.01%),618 (4.99%),65 744.08,-75 937.14,-0.59,-3.50,34 781.60,-46 691.71
02_tight,188.7,50 000.00,59 327.74,1.27,111 467.20 (90.58%),47 743.22 (44.56%),71389,142778,68143 (95.45%),3246 (4.55%),282 608.85,-223 281.11,1.24,3.37,97 738.41,-65 804.80
03_wide,34.4,50 000.00,7 170.78,1.44,8 251.90 (13.75%),3 803.43 (6.73%),2442,4884,2257 (92.42%),185 (7.58%),23 448.78,-16 278.00,1.89,4.78,3 337.77,-3 552.16
04_many,28.5,50 000.00,-14 386.14,0.54,25 529.66 (41.75%),24 785.81 (41.04%),8398,16796,7801 (92.89%),597 (7.11%),17 103.76,-31 489.90,-0.58,-5.00,1 452.73,-22 160.43
05_few_wide,38.3,50 000.00,25 031.49,1.50,26 454.46 (36.31%),20 822.05 (27.36%),11094,22188,10371 (93.48%),723 (6.52%),74 674.10,-49 642.61,1.20,3.27,21 777.91,-10 892.76
06_low_reset,64.5,50 000.00,32 373.06,1.27,59 900.39 (66.89%),25 550.74 (27.81%),29611,59222,27940 (94.36%),1671 (5.64%),153 108.73,-120 735.67,1.27,3.52,52 726.32,-39 296.64
07_high_reset,60.5,50 000.00,42 553.45,1.48,47 780.55 (52.18%),34 649.48 (38.11%),29277,58554,27911 (95.33%),1366 (4.67%),131 883.43,-89 329.98,1.23,3.23,36 161.32,-20 608.14
08_bigTP_smSpac,20.5,50 000.00,-12 094.70,0.60,24 478.42 (39.24%),23 968.02 (38.88%),5066,10132,4500 (88.83%),566 (11.17%),18 174.69,-30 269.39,-0.50,-5.00,1 228.53,-20 278.80
09_smTP_bigSpac,36.5,50 000.00,22 226.57,1.51,22 531.50 (33.16%),21 470.41 (28.74%),16546,33092,15827 (95.65%),719 (4.35%),65 996.93,-43 770.36,1.04,2.89,22 673.64,-10 423.60
10_mid,36.5,50 000.00,20 302.68,1.41,26 078.79 (35.60%),17 321.71 (24.85%),11065,22130,10394 (93.94%),671 (6.06%),69 395.70,-49 093.02,1.17,3.11,18 213.30,-12 189.54
11_lvl10,18.4,50 000.00,-10 285.51,0.47,16 782.20 (29.70%),16 148.67 (29.06%),3503,7006,3188 (91.01%),315 (8.99%),9 295.79,-19 581.30,-0.64,-5.00,607.75,-13 440.00
12_lvl20,20.4,50 000.00,-12 853.82,0.43,18 995.34 (33.83%),18 741.14 (33.53%),3555,7110,3196 (89.90%),359 (10.10%),9 810.13,-22 663.95,-0.69,-5.00,712.66,-16 104.00
13_sp3,32.5,50 000.00,15 969.40,1.47,18 504.66 (27.84%),11 415.23 (17.16%),5951,11902,5511 (92.61%),440 (7.39%),50 200.92,-34 231.52,1.40,3.54,13 866.38,-7 643.30
14_tp05_r01,36.5,50 000.00,-10 554.19,0.90,94 022.78 (133.82%),23 529.30 (37.45%),16832,33664,16084 (95.56%),748 (4.44%),95 657.02,-106 211.21,-0.45,-3.58,63 196.56,-60 627.89
15_tp2_r05,16.5,50 000.00,-12 216.61,0.43,18 301.89 (32.63%),18 381.87 (32.73%),2543,5086,2236 (87.93%),307 (12.07%),9 086.32,-21 302.93,-0.66,-5.00,642.23,-15 215.10
16_sp1_lvl15,20.5,50 000.00,-11 594.26,0.43,17 311.74 (31.07%),16 907.19 (30.57%),3521,7042,3192 (90.66%),329 (9.34%),8 919.72,-20 513.98,-0.69,-5.00,610.79,-14 420.40
17_sp05_tp1,142.6,50 000.00,72 024.21,1.33,95 832.56 (76.10%),60 635.10 (52.27%),56600,113200,53575 (94.66%),3025 (5.34%),292 383.29,-220 359.08,1.19,3.32,104 263.50,-69 466.85
18_sp2_lvl3,32.4,50 000.00,26 196.37,1.49,27 441.79 (37.85%),23 731.03 (30.15%),11037,22074,10258 (92.94%),779 (7.06%),79 809.18,-53 612.81,1.10,3.13,26 056.69,-12 642.60
19_aggressive,26.5,50 000.00,-12 770.06,0.58,24 030.07 (39.23%),19 042.92 (33.84%),9051,18102,8427 (93.11%),624 (6.89%),17 503.31,-30 273.37,-0.67,-5.00,2 603.95,-20 853.03
20_conservative,28.6,50 000.00,10 348.81,1.38,13 216.03 (19.88%),5 517.94 (9.26%),5762,11524,5468 (94.90%),294 (5.10%),37 369.47,-27 020.66,1.88,4.30,5 014.74,-7 073.02
R01_sp4_lvl10,26.4,50 000.00,13 071.80,1.73,11 324.71 (18.21%),7 207.80 (11.93%),3625,7250,3385 (93.38%),240 (6.62%),31 047.94,-17 976.14,1.81,4.45,6 329.28,-1 576.76
R02_sp6_lvl10,26.3,50 000.00,5 976.64,1.45,6 710.87 (11.48%),3 139.80 (5.65%),1792,3584,1639 (91.46%),153 (8.54%),19 354.05,-13 377.41,1.90,4.86,2 716.00,-2 935.54
R03_sp5_lvl5,28.5,50 000.00,7 171.64,1.44,8 251.04 (13.75%),3 803.43 (6.73%),2442,4884,2257 (92.42%),185 (7.58%),23 448.78,-16 277.14,1.89,4.78,3 337.77,-3 552.16
R04_sp5_lvl15,38.5,50 000.00,7 170.78,1.44,8 251.90 (13.75%),3 803.43 (6.73%),2442,4884,2257 (92.42%),185 (7.58%),23 448.78,-16 278.00,1.89,4.76,3 337.77,-3 552.16
R05_sp5_tp3,28.7,50 000.00,8 602.60,1.67,7 637.18 (12.83%),3 662.81 (6.46%),3403,6806,3234 (95.03%),169 (4.97%),21 369.06,-12 766.46,2.35,5.05,3 638.74,-756.26
R06_sp5_tp7,28.3,50 000.00,7 332.54,1.43,8 560.68 (14.19%),3 783.61 (6.69%),1971,3942,1781 (90.36%),190 (9.64%),24 197.87,-16 865.33,1.94,4.89,3 481.33,-3 636.56
R07_sp5_r05,32.1,50 000.00,8 775.95,1.47,9 728.16 (16.27%),6 237.27 (10.61%),2477,4954,2248 (90.75%),229 (9.25%),27 429.03,-18 653.08,1.41,3.91,6 055.78,-4 199.00
M01_baseline_6mo,24.8,50 000.00,-10 009.43,0.80,39 657.78 (49.79%),15 655.40 (28.20%),6432,12864,5893 (91.62%),539 (8.38%),39 080.08,-49 089.51,-0.64,-2.87,16 961.18,-32 811.02
M02_tight_6mo,26.3,50 000.00,-10 636.55,0.87,59 530.71 (60.20%),19 328.08 (33.00%),11544,23088,10295 (89.18%),1249 (10.82%),71 386.10,-82 022.65,-0.55,-2.90,34 338.71,-52 864.45
M03_wide_6mo,22.4,50 000.00,-10 045.78,0.70,31 672.67 (44.22%),12 690.05 (24.17%),1697,3394,1544 (90.98%),153 (9.02%),23 154.76,-33 200.54,-0.79,-3.07,11 062.18,-10 353.28
M05_few_wide_6mo,24.4,50 000.00,-10 267.47,0.85,62 511.51 (61.14%),17 652.44 (30.92%),6228,12456,5842 (93.80%),386 (6.20%),56 914.66,-67 182.13,-0.58,-1.69,31 042.61,-34 059.80
M06_low_reset_6mo,22.5,50 000.00,-10 159.21,0.83,48 137.02 (54.71%),15 170.78 (27.65%),6562,13124,5884 (89.67%),678 (10.33%),49 554.60,-59 713.81,-0.67,-2.97,26 461.25,-41 130.83
M07_high_reset_6mo,34.6,50 000.00,-10 303.25,0.88,83 771.22 (67.85%),24 521.71 (38.19%),14561,29122,13976 (95.98%),585 (4.02%),78 341.60,-88 644.85,-0.42,-1.01,34 555.44,-31 530.42
M09_smTP_bigSp_6mo,36.0,50 000.00,-10 481.52,0.92,123 161.83 (75.71%),27 482.03 (41.08%),15710,31420,15118 (96.23%),592 (3.77%),117 280.23,-127 761.75,-0.38,-0.89,73 992.34,-41 618.85
M10_mid_6mo,24.3,50 000.00,-10 230.88,0.85,63 946.75 (61.66%),20 913.62 (34.46%),6459,12918,6103 (94.49%),356 (5.51%),56 287.67,-66 518.55,-0.49,-2.33,30 731.24,-15 937.80
M13_sp3_6mo,22.3,50 000.00,-10 068.34,0.75,38 674.62 (49.20%),13 328.80 (25.03%),3489,6978,3268 (93.67%),221 (6.33%),30 533.74,-40 602.08,-0.76,-1.74,12 810.09,-19 917.22
M17_sp05_tp1_6mo,30.4,50 000.00,-11 009.93,0.89,81 677.04 (67.69%),19 699.72 (33.58%),11757,23514,10668 (90.74%),1089 (9.26%),88 734.17,-99 744.10,-0.56,-2.42,49 193.85,-65 373.89
M18_sp2_lvl3_6mo,24.3,50 000.00,-10 194.69,0.90,93 416.73 (70.12%),22 866.45 (36.55%),6916,13832,6457 (93.36%),459 (6.64%),87 726.86,-97 921.55,-0.45,-1.61,59 196.49,-38 199.05
M20_conserv_6mo,22.5,50 000.00,-10 071.62,0.80,47 421.44 (54.29%),14 209.34 (26.30%),3573,7146,3316 (92.81%),257 (7.19%),40 131.45,-50 203.07,-0.71,-2.54,21 148.56,-16 890.80
M21_sp4_lvl5_r1,18.5,50 000.00,-10 386.72,0.75,40 193.27 (50.36%),13 454.93 (25.38%),2417,4834,2220 (91.85%),197 (8.15%),31 679.89,-42 066.61,-0.77,-2.97,16 776.38,-12 645.87
M22_sp4_lvl10_r05,22.5,50 000.00,-10 239.08,0.68,30 988.50 (43.80%),13 560.74 (25.43%),2284,4568,2123 (92.95%),161 (7.05%),21 975.83,-32 214.91,-0.76,-2.46,8 679.16,-11 281.79
M23_sp6_lvl10_r1,24.5,50 000.00,-10 245.70,0.83,53 168.47 (57.22%),14 142.84 (26.28%),2394,4788,2196 (91.73%),198 (8.27%),50 021.00,-60 266.70,-0.72,-1.63,27 463.01,-20 648.05
M24_sp8_lvl10_r1,20.5,50 000.00,-10 101.20,0.86,67 506.59 (62.85%),15 146.63 (27.64%),1728,3456,1537 (88.95%),191 (11.05%),61 523.34,-71 624.54,-0.67,-2.10,41 113.08,-8 670.06
M25_sp10_lvl5_r2,20.4,50 000.00,4 187.98,1.17,13 541.70 (19.99%),53 141.48 (77.96%),1180,2360,1073 (90.93%),107 (9.07%),29 381.81,-25 193.83,0.08,0.05,6 664.28,-592.45
M26_sp2_lvl5_r1,18.3,50 000.00,-10 014.32,0.75,36 920.48 (48.01%),14 957.43 (27.23%),4826,9652,4565 (94.59%),261 (5.41%),29 406.84,-39 421.16,-0.67,-2.16,10 152.15,-15 583.08
M27_sp3_lvl5_r1,18.3,50 000.00,-10 216.71,0.77,42 923.41 (51.90%),16 958.24 (29.89%),3544,7088,3324 (93.79%),220 (6.21%),34 079.16,-44 295.87,-0.60,-2.73,16 572.24,-6 524.33
M28_sp5_lvl5_r2,16.4,50 000.00,-10 099.31,0.66,29 431.86 (42.45%),15 110.97 (27.50%),1786,3572,1658 (92.83%),128 (7.17%),19 868.89,-29 968.20,-0.67,-2.54,7 637.81,-4 947.76
V18_sp2_A05_C3,300.4,,,,,,,,,,,,,,,
V04_wide_A05,62.5,50 000.00,69.72,1.02,2 832.05 (5.35%),448.29 (0.89%),362,724,352 (97.24%),10 (2.76%),4 097.57,-4 027.85,0.16,0.64,1 100.17,-1 163.47
V18_sp2_A05_C3,300.2,,,,,,,,,,,,,,,
V01_baseline_A05,32.4,50 000.00,959.68,1.24,3 884.40 (7.29%),296.44 (0.58%),1177,2354,1157 (98.30%),20 (1.70%),4 955.94,-3 996.26,3.24,35.06,1 544.58,-2 492.44
V02_baseline_A10,28.6,50 000.00,-658.64,0.88,5 304.20 (9.71%),967.46 (1.92%),327,654,304 (92.97%),23 (7.03%),4 833.80,-5 492.44,-0.68,-5.00,3 931.98,-5 304.20
V03_baseline_A20,30.4,50 000.00,-1 416.45,0.87,10 318.54 (17.52%),2 002.33 (3.96%),485,970,444 (91.55%),41 (8.45%),9 152.75,-10 569.20,-0.71,-5.00,7 886.84,-10 318.54
V04_wide_A05,60.3,50 000.00,69.72,1.02,2 832.05 (5.35%),448.29 (0.89%),362,724,352 (97.24%),10 (2.76%),4 097.57,-4 027.85,0.16,0.64,1 100.17,-1 163.47
V10_sp3_A10,300.2,,,,,,,,,,,,,,,
V05_wide_A10,82.4,50 000.00,-1 017.00,0.89,5 920.56 (10.78%),1 814.94 (3.57%),782,1564,757 (96.80%),25 (3.20%),8 011.00,-9 028.00,-0.56,-4.54,2 938.50,-1 607.26
V19_sp3_A05_C5,300.2,,,,,,,,,,,,,,,
V06_wide_A20,96.3,50 000.00,-1 074.08,0.93,10 989.22 (18.34%),3 093.58 (5.95%),1304,2608,1258 (96.47%),46 (3.53%),15 066.60,-16 140.68,-0.35,-2.47,4 480.16,-7 145.67
V07_sp2_A05,42.2,50 000.00,-153.21,0.95,2 878.52 (5.46%),480.50 (0.95%),338,676,324 (95.86%),14 (4.14%),2 799.14,-2 952.35,-0.32,-5.00,1 695.74,-2 878.52
V08_sp2_A10,32.4,50 000.00,-379.70,0.93,5 244.70 (9.56%),933.00 (1.85%),540,1080,514 (95.19%),26 (4.81%),5 256.58,-5 636.28,-0.41,-5.00,3 378.65,-5 244.70
V09_sp3_A05,42.1,50 000.00,-280.25,0.90,2 803.55 (5.34%),511.90 (1.02%),202,404,190 (94.06%),12 (5.94%),2 570.19,-2 850.44,-0.55,-5.00,1 751.84,-1 625.65
V10_sp3_A10,34.6,50 000.00,-430.24,0.92,5 263.50 (9.60%),1 008.39 (1.99%),289,578,268 (92.73%),21 (7.27%),5 049.36,-5 479.60,-0.43,-5.00,3 782.48,-5 263.50
V11_baseline_C3,300.4,,,,,,,,,,,,,,,
V11_baseline_C3,58.6,50 000.00,-10 051.87,0.91,69 563.83 (135.17%),37 581.59 (48.47%),17720,35440,16446 (92.81%),1274 (7.19%),102 783.81,-112 835.68,-0.27,-2.49,58 258.56,-6 877.52
V12_baseline_C5,98.4,50 000.00,-10 088.57,0.90,58 761.51 (109.63%),41 113.07 (50.74%),17645,35290,16459 (93.28%),1186 (6.72%),92 707.95,-102 796.52,-0.25,-1.94,46 124.62,-6 983.60
V12_baseline_C5,48.3,50 000.00,-10 088.57,0.90,58 761.51 (109.63%),41 113.07 (50.74%),17645,35290,16459 (93.28%),1186 (6.72%),92 707.95,-102 796.52,-0.25,-1.94,46 124.62,-6 983.60
V13_baseline_C8,42.3,50 000.00,-10 506.89,0.92,79 073.26 (147.01%),36 105.14 (47.76%),17808,35616,16490 (92.60%),1318 (7.40%),127 610.99,-138 117.88,-0.29,-3.15,65 692.19,-6 444.36
V13_baseline_C8,44.1,50 000.00,-10 506.89,0.92,79 073.26 (147.01%),36 105.14 (47.76%),17808,35616,16490 (92.60%),1318 (7.40%),127 610.99,-138 117.88,-0.29,-3.15,65 692.19,-6 444.36
V14_wide_C5,1103.3,50 000.00,-10 180.00,0.71,21 621.87 (39.69%),18 496.06 (31.72%),2402,4804,2154 (89.68%),248 (10.32%),25 052.32,-35 232.32,-0.55,-2.20,9 047.06,-2 520.65
V14_wide_C5,40.0,50 000.00,-10 180.00,0.71,21 621.87 (39.69%),18 496.06 (31.72%),2402,4804,2154 (89.68%),248 (10.32%),25 052.32,-35 232.32,-0.55,-2.20,9 047.06,-2 520.65
V14_wide_C5,44.5,50 000.00,-10 180.00,0.71,21 621.87 (39.69%),18 496.06 (31.72%),2402,4804,2154 (89.68%),248 (10.32%),25 052.32,-35 232.32,-0.55,-2.20,9 047.06,-2 520.65
V15_sp2_C5,38.3,50 000.00,-10 056.83,0.90,63 946.47 (122.72%),27 020.46 (40.35%),9826,19652,8955 (91.14%),871 (8.86%),92 117.84,-102 174.67,-0.37,-1.49,51 864.69,-3 400.66
V15_sp2_C5,40.1,50 000.00,-10 056.83,0.90,63 946.47 (122.72%),27 020.46 (40.35%),9826,19652,8955 (91.14%),871 (8.86%),92 117.84,-102 174.67,-0.37,-1.49,51 864.69,-3 400.66
V15_sp2_C5,38.1,50 000.00,-10 056.83,0.90,63 946.47 (122.72%),27 020.46 (40.35%),9826,19652,8955 (91.14%),871 (8.86%),92 117.84,-102 174.67,-0.37,-1.49,51 864.69,-3 400.66
V16_baseline_A10_C5,28.4,50 000.00,-674.54,0.95,13 697.28 (26.98%),983.36 (1.95%),333,666,305 (91.59%),28 (8.41%),13 159.45,-13 833.99,-0.69,-5.00,8 325.65,-2 537.13
V16_baseline_A10_C5,28.0,50 000.00,-674.54,0.95,13 697.28 (26.98%),983.36 (1.95%),333,666,305 (91.59%),28 (8.41%),13 159.45,-13 833.99,-0.69,-5.00,8 325.65,-2 537.13
V16_baseline_A10_C5,28.0,50 000.00,-674.54,0.95,13 697.28 (26.98%),983.36 (1.95%),333,666,305 (91.59%),28 (8.41%),13 159.45,-13 833.99,-0.69,-5.00,8 325.65,-2 537.13
V17_wide_A10_C5,54.1,50 000.00,-1 039.92,0.95,15 309.37 (29.50%),1 837.86 (3.62%),791,1582,759 (95.95%),32 (4.05%),18 957.26,-19 997.18,-0.57,-4.64,8 719.15,-2 498.16
V17_wide_A10_C5,56.4,50 000.00,-1 039.92,0.95,15 309.37 (29.50%),1 837.86 (3.62%),791,1582,759 (95.95%),32 (4.05%),18 957.26,-19 997.18,-0.57,-4.64,8 719.15,-2 498.16
V17_wide_A10_C5,56.0,50 000.00,-1 039.92,0.95,15 309.37 (29.50%),1 837.86 (3.62%),791,1582,759 (95.95%),32 (4.05%),18 957.26,-19 997.18,-0.57,-4.64,8 719.15,-2 498.16
V18_sp2_A05_C3,30.3,50 000.00,-159.81,0.98,7 234.35 (14.18%),487.10 (0.97%),343,686,325 (94.75%),18 (5.25%),7 147.59,-7 307.40,-0.33,-5.00,4 348.45,-1 531.43
V18_sp2_A05_C3,30.1,50 000.00,-159.81,0.98,7 234.35 (14.18%),487.10 (0.97%),343,686,325 (94.75%),18 (5.25%),7 147.59,-7 307.40,-0.33,-5.00,4 348.45,-1 531.43
V18_sp2_A05_C3,30.0,50 000.00,-159.81,0.98,7 234.35 (14.18%),487.10 (0.97%),343,686,325 (94.75%),18 (5.25%),7 147.59,-7 307.40,-0.33,-5.00,4 348.45,-1 531.43
V19_sp3_A05_C5,30.0,50 000.00,-283.37,0.96,7 277.15 (14.33%),515.02 (1.03%),205,410,191 (93.17%),14 (6.83%),7 031.74,-7 315.11,-0.55,-5.00,4 461.55,-2 411.03
V19_sp3_A05_C5,30.0,50 000.00,-283.37,0.96,7 277.15 (14.33%),515.02 (1.03%),205,410,191 (93.17%),14 (6.83%),7 031.74,-7 315.11,-0.55,-5.00,4 461.55,-2 411.03
V19_sp3_A05_C5,32.3,50 000.00,-283.37,0.96,7 277.15 (14.33%),515.02 (1.03%),205,410,191 (93.17%),14 (6.83%),7 031.74,-7 315.11,-0.55,-5.00,4 461.55,-2 411.03
V20_baseline_A05_C5,28.1,50 000.00,-78.18,0.99,7 358.00 (14.39%),482.64 (0.96%),510,1020,487 (95.49%),23 (4.51%),7 435.84,-7 514.02,-0.16,-5.00,4 520.45,-2 555.58
V20_baseline_A05_C5,30.3,50 000.00,-78.18,0.99,7 358.00 (14.39%),482.64 (0.96%),510,1020,487 (95.49%),23 (4.51%),7 435.84,-7 514.02,-0.16,-5.00,4 520.45,-2 555.58
W01_sp5_A05_r05,36.3,50 000.00,-204.03,0.95,2 748.98 (5.23%),457.61 (0.91%),369,738,356 (96.48%),13 (3.52%),3 718.94,-3 922.97,-0.45,-2.85,1 074.91,-1 589.08
W01_sp5_A05_r05,470.4,50 000.00,-204.03,0.95,2 748.98 (5.23%),457.61 (0.91%),369,738,356 (96.48%),13 (3.52%),3 718.94,-3 922.97,-0.45,-2.85,1 074.91,-1 589.08
W02_sp5_A05_r1,50.5,50 000.00,-287.50,0.91,2 911.80 (5.53%),577.82 (1.15%),289,578,275 (95.16%),14 (4.84%),2 748.15,-3 035.65,-0.50,-4.16,1 046.04,-592.45
W01_sp5_A05_r05,1801.3,,,,,,,,,,,,,,,
W03_sp5_lvl10_r1,1801.2,,,,,,,,,,,,,,,
W02_sp5_A05_r1,1801.1,,,,,,,,,,,,,,,
W04_sp7_A05,1801.2,,,,,,,,,,,,,,,
W03_sp5_lvl10_r1,1801.8,,,,,,,,,,,,,,,
W05_sp10_A05,1801.7,,,,,,,,,,,,,,,
H08_wide_harv2,1386.3,0,0,0.00,0 (0%),0 (0%),0,0,0 (0.00%),0 (0.00%),0,0,0.00,0.00,0,0
H02_base_harv1,1800.4,,,,,,,,,,,,,,,
H03_base_harv2,1802.0,,,,,,,,,,,,,,,
W04_sp7_A05,1801.7,,,,,,,,,,,,,,,
Z01_sp5_h05,1801.5,,,,,,,,,,,,,,,
W06_sp10_lvl5_r2,1801.4,,,,,,,,,,,,,,,
Z01_sp5_h05,1801.3,,,,,,,,,,,,,,,
H03_base_harv2,1801.1,,,,,,,,,,,,,,,
Z01_sp5_h15,854.9,50 000.00,12 081.46,2.03,3 042.16 (4.67%),3 904.82 (7.03%),3040,6080,2846 (93.62%),194 (6.38%),23 776.18,-11 694.72,3.09,7.32,987.42,-1 213.71
H04_base_harv3,1801.3,,,,,,,,,,,,,,,
Z01_sp5_h20,870.8,50 000.00,12 277.35,1.93,3 256.40 (4.97%),4 648.38 (8.30%),3069,6138,2855 (93.03%),214 (6.97%),25 422.66,-13 145.31,2.64,7.04,1 311.45,-1 018.08
Z01_sp5_h20,846.5,50 000.00,12 277.35,1.93,3 256.40 (4.97%),4 648.38 (8.30%),3069,6138,2855 (93.03%),214 (6.97%),25 422.66,-13 145.31,2.64,7.04,1 311.45,-1 018.08
Z01_sp5_h20,190.3,50 000.00,12 277.35,1.93,3 256.40 (4.97%),4 648.38 (8.30%),3069,6138,2855 (93.03%),214 (6.97%),25 422.66,-13 145.31,2.64,7.04,1 311.45,-1 018.08
W05_sp10_A05,1801.1,,,,,,,,,,,,,,,
Z01_sp5_h10,1801.4,,,,,,,,,,,,,,,
W07_sp15_A05,1801.3,,,,,,,,,,,,,,,
H04_base_harv3,1801.1,,,,,,,,,,,,,,,
Z01_sp5_h30,824.4,50 000.00,12 812.83,1.86,3 375.63 (5.10%),3 569.18 (6.04%),3087,6174,2856 (92.52%),231 (7.48%),27 655.43,-14 842.60,3.59,8.63,2 094.61,-1 198.60
Z01_sp5_h30,824.4,50 000.00,12 812.83,1.86,3 375.63 (5.10%),3 569.18 (6.04%),3087,6174,2856 (92.52%),231 (7.48%),27 655.43,-14 842.60,3.59,8.63,2 094.61,-1 198.60
Z01_sp5_h30,827.0,50 000.00,12 812.83,1.86,3 375.63 (5.10%),3 569.18 (6.04%),3087,6174,2856 (92.52%),231 (7.48%),27 655.43,-14 842.60,3.59,8.63,2 094.61,-1 198.60
H05_base_harv5,1801.3,,,,,,,,,,,,,,,
Z01_sp5_h50,860.8,50 000.00,9 061.17,1.54,6 754.96 (10.26%),8 353.93 (14.15%),3044,6088,2840 (93.30%),204 (6.70%),25 911.48,-16 850.31,1.08,3.78,2 935.40,-3 035.54
Z01_sp5_h50,862.7,50 000.00,9 061.17,1.54,6 754.96 (10.26%),8 353.93 (14.15%),3044,6088,2840 (93.30%),204 (6.70%),25 911.48,-16 850.31,1.08,3.78,2 935.40,-3 035.54
Z01_sp5_h50,863.2,50 000.00,9 061.17,1.54,6 754.96 (10.26%),8 353.93 (14.15%),3044,6088,2840 (93.30%),204 (6.70%),25 911.48,-16 850.31,1.08,3.78,2 935.40,-3 035.54
W06_sp10_lvl5_r2,1801.3,,,,,,,,,,,,,,,
Z01_sp5_h15,1801.5,,,,,,,,,,,,,,,
W08_sp20_A05,1801.6,,,,,,,,,,,,,,,
Z02_sp5_A05_h20,686.7,50 000.00,854.95,1.33,1 310.24 (2.52%),216.54 (0.43%),376,752,358 (95.21%),18 (4.79%),3 471.07,-2 616.12,3.95,16.11,1 023.71,-465.98
Z02_sp5_A05_h20,686.8,50 000.00,854.95,1.33,1 310.24 (2.52%),216.54 (0.43%),376,752,358 (95.21%),18 (4.79%),3 471.07,-2 616.12,3.95,16.11,1 023.71,-465.98
Z02_sp5_A05_h20,687.1,50 000.00,854.95,1.33,1 310.24 (2.52%),216.54 (0.43%),376,752,358 (95.21%),18 (4.79%),3 471.07,-2 616.12,3.95,16.11,1 023.71,-465.98
H05_base_harv5,1801.5,,,,,,,,,,,,,,,
Z02_sp5_A05_h30,684.5,50 000.00,366.83,1.29,1 239.10 (2.40%),125.38 (0.25%),152,304,143 (94.08%),9 (5.92%),1 630.12,-1 263.29,2.93,17.05,587.01,-257.82
Z02_sp5_A05_h30,684.4,50 000.00,366.83,1.29,1 239.10 (2.40%),125.38 (0.25%),152,304,143 (94.08%),9 (5.92%),1 630.12,-1 263.29,2.93,17.05,587.01,-257.82
Z02_sp5_A05_h30,687.0,50 000.00,366.83,1.29,1 239.10 (2.40%),125.38 (0.25%),152,304,143 (94.08%),9 (5.92%),1 630.12,-1 263.29,2.93,17.05,587.01,-257.82
H06_wide_harv05,1801.7,,,,,,,,,,,,,,,
Z02_sp5_A10_h20,338.3,0,0,0.00,0 (0%),0 (0%),0,0,0 (0.00%),0 (0.00%),0,0,0.00,0.00,0,0
Z02_sp5_A10_h20,340.3,0,0,0.00,0 (0%),0 (0%),0,0,0 (0.00%),0 (0.00%),0,0,0.00,0.00,0,0
Z02_sp5_A10_h20,341.1,0,0,0.00,0 (0%),0 (0%),0,0,0 (0.00%),0 (0.00%),0,0,0.00,0.00,0,0
W07_sp15_A05,1801.8,,,,,,,,,,,,,,,
Z01_sp5_h20,1801.7,,,,,,,,,,,,,,,
W09_sp25_A05,1801.8,,,,,,,,,,,,,,,
Z02_sp5_A10_h30,716.9,50 000.00,973.84,1.20,2 539.08 (4.74%),353.68 (0.69%),622,1244,587 (94.37%),35 (5.63%),5 851.97,-4 878.13,2.75,8.97,1 600.56,-1 506.58
Z02_sp5_A10_h30,717.4,50 000.00,973.84,1.20,2 539.08 (4.74%),353.68 (0.69%),622,1244,587 (94.37%),35 (5.63%),5 851.97,-4 878.13,2.75,8.97,1 600.56,-1 506.58
Z02_sp5_A10_h30,717.0,50 000.00,973.84,1.20,2 539.08 (4.74%),353.68 (0.69%),622,1244,587 (94.37%),35 (5.63%),5 851.97,-4 878.13,2.75,8.97,1 600.56,-1 506.58
H06_wide_harv05,1801.9,,,,,,,,,,,,,,,
Z02_sp5_A20_h20,822.1,50 000.00,1 941.10,1.24,4 761.56 (8.40%),2 247.34 (4.25%),1188,2376,1096 (92.26%),92 (7.74%),9 934.79,-7 993.69,0.86,4.53,1 142.62,-1 627.46
Z02_sp5_A20_h20,822.1,50 000.00,1 941.10,1.24,4 761.56 (8.40%),2 247.34 (4.25%),1188,2376,1096 (92.26%),92 (7.74%),9 934.79,-7 993.69,0.86,4.53,1 142.62,-1 627.46
Z02_sp5_A20_h20,823.3,50 000.00,1 941.10,1.24,4 761.56 (8.40%),2 247.34 (4.25%),1188,2376,1096 (92.26%),92 (7.74%),9 934.79,-7 993.69,0.86,4.53,1 142.62,-1 627.46
H07_wide_harv1,1801.1,,,,,,,,,,,,,,,
F01_6mo_h15,1801.3,,,,,,,,,,,,,,,
W08_sp20_A05,1800.0,,,,,,,,,,,,,,,
Z01_sp5_h30,1800.9,,,,,,,,,,,,,,,
W10_sp30_A05,1801.0,,,,,,,,,,,,,,,
H07_wide_harv1,1802.0,,,,,,,,,,,,,,,
F01_6mo_h15,MT5_Tester,1655.1,50 000.00,-10 023.31,0.77,26 845.98 (40.17%),17 940.17 (30.98%),4760,9520,4470 (93.91%),290 (6.09%),34 418.13,-44 441.44,-0.56,-2.11,1 023.40,-7 107.13
F03_6mo_h30,MT5_Tester3,1667.6,50 000.00,-10 050.43,0.79,29 535.30 (42.51%),20 005.57 (33.37%),4785,9570,4465 (93.31%),320 (6.69%),36 795.84,-46 846.27,-0.50,-2.36,2 060.32,-7 936.34
Z02_sp5_A20_h30,1800.4,,,,,,,,,,,,,,,
Z02_sp5_A20_h30,1800.6,,,,,,,,,,,,,,,
Z02_sp5_A20_h30,1800.4,,,,,,,,,,,,,,,
F02_6mo_h20,MT5_Tester2,1749.5,50 000.00,-10 228.62,0.81,35 247.83 (46.99%),23 540.41 (37.18%),5320,10640,4920 (92.48%),400 (7.52%),44 870.67,-55 099.29,-0.43,-1.90,1 521.50,-2 428.11
H08_wide_harv2,1800.4,,,,,,,,,,,,,,,
F02_6mo_h20,1800.4,,,,,,,,,,,,,,,
W09_sp25_A05,1802.0,,,,,,,,,,,,,,,
Z01_sp5_h50,1802.0,,,,,,,,,,,,,,,
W11_sp50_A05,1802.0,,,,,,,,,,,,,,,
H08_wide_harv2,1800.1,,,,,,,,,,,,,,,
F04_6mo_h10,MT5_Tester,1801.3,,,,,,,,,,,,,,,
S02_sp2_h20,MT5_Tester2,32.4,0,0,0.00,0 (0%),0 (0%),0,0,0 (0.00%),0 (0.00%),0,0,0.00,0.00,0,0
S03_sp3_h20,MT5_Tester3,34.5,0,0,0.00,0 (0%),0 (0%),0,0,0 (0.00%),0 (0.00%),0,0,0.00,0.00,0,0
Z03_sp5_A05_SL3_h20,1800.7,,,,,,,,,,,,,,,
Z03_sp5_A05_SL3_h20,1800.8,,,,,,,,,,,,,,,
Z03_sp5_A05_SL3_h20,1800.7,,,,,,,,,,,,,,,
H09_wide_harv3,1800.7,,,,,,,,,,,,,,,
F03_6mo_h30,1800.8,,,,,,,,,,,,,,,
S05_sp7_h20,MT5_Tester3,769.0,50 000.00,7 183.04,1.83,3 192.69 (5.29%),4 366.90 (8.23%),1617,3234,1505 (93.07%),112 (6.93%),15 828.58,-8 645.54,1.64,5.07,1 153.68,-1 586.21
S04_sp4_h20,MT5_Tester2,799.1,50 000.00,13 552.90,1.72,3 481.03 (5.19%),4 689.61 (8.34%),4603,9206,4310 (93.63%),293 (6.37%),32 343.86,-18 790.96,2.89,6.54,1 325.94,-3 420.83
W10_sp30_A05,1801.0,,,,,,,,,,,,,,,
Z02_sp5_A05_h10,1801.0,,,,,,,,,,,,,,,
W12_sp5_pure,1801.1,,,,,,,,,,,,,,,
S01_sp1_h20,MT5_Tester,1006.7,50 000.00,41 232.45,1.44,8 006.40 (8.07%),15 860.65 (19.95%),45976,91952,43872 (95.42%),2104 (4.58%),135 942.63,-94 710.18,2.60,7.01,2 019.42,-5 700.49
H09_wide_harv3,1801.2,,,,,,,,,,,,,,,
S06_sp10_h20,MT5_Tester3,752.7,50 000.00,4 357.75,1.76,3 406.30 (5.90%),3 509.12 (6.75%),824,1648,762 (92.48%),62 (7.52%),10 112.81,-5 755.06,1.24,3.72,1 078.24,-1 039.54
Z03_sp5_A05_SL5_h20,1801.9,,,,,,,,,,,,,,,
Z03_sp5_A05_SL5_h20,1801.9,,,,,,,,,,,,,,,
Z03_sp5_A05_SL5_h20,1801.8,,,,,,,,,,,,,,,
H10_wide_harv5,1801.8,,,,,,,,,,,,,,,
B02_VC3,MT5_Tester2,847.3,50 000.00,-10 621.71,0.75,26 093.17 (50.39%),18 993.34 (32.54%),2439,4878,2139 (87.70%),300 (12.30%),31 724.54,-42 346.25,-0.56,-2.22,15 539.44,-1 892.08
R12_rp050,MT5_Tester3,775.1,50 000.00,8 574.54,1.45,3 731.42 (5.99%),3 345.97 (6.14%),3137,6274,2857 (91.07%),280 (8.93%),27 646.56,-19 072.02,2.56,5.02,1 463.06,-3 073.58
H10_wide_harv5,1514.4,50 000.00,-10 299.94,0.80,32 141.95 (44.74%),21 570.37 (35.21%),4849,9698,4495 (92.70%),354 (7.30%),42 372.39,-52 672.33,-0.48,-2.77,3 439.40,-7 566.30
W11_sp50_A05,1800.6,,,,,,,,,,,,,,,
Z02_sp5_A05_h20,1800.4,,,,,,,,,,,,,,,
W13_sp10_pure,1800.5,,,,,,,,,,,,,,,
R13_rp075,MT5_Tester3,711.4,50 000.00,11 592.43,1.76,2 648.78 (4.12%),3 112.51 (5.60%),3087,6174,2842 (92.06%),245 (7.94%),26 899.45,-15 307.02,3.72,7.75,1 431.85,-1 144.50
B01_VC2,MT5_Tester,1800.5,,,,,,,,,,,,,,,
B03_VC5,MT5_Tester3,1800.5,,,,,,,,,,,,,,,
R11_rp025,MT5_Tester2,1800.8,,,,,,,,,,,,,,,
R10_rp015,MT5_Tester,1800.8,,,,,,,,,,,,,,,
Z04_sp1_h20,1800.1,,,,,,,,,,,,,,,
Z04_sp1_h20,1801.3,,,,,,,,,,,,,,,
Z04_sp1_h20,1801.5,,,,,,,,,,,,,,,
R14_rp150,MT5_Tester3,726.2,50 000.00,12 328.77,1.97,2 697.06 (4.15%),3 610.19 (6.46%),3042,6084,2848 (93.62%),194 (6.38%),25 009.87,-12 681.10,3.41,7.50,1 300.65,-2 436.88
H11_wide_A05_harv1,1800.5,,,,,,,,,,,,,,,
B04_VB2_VC3,MT5_Tester2,1800.5,,,,,,,,,,,,,,,
H11_wide_A05_harv1,1800.5,,,,,,,,,,,,,,,
W12_sp5_pure,1800.3,,,,,,,,,,,,,,,
Z02_sp5_A05_h30,1800.4,,,,,,,,,,,,,,,
W14_sp20_pure,1800.5,,,,,,,,,,,,,,,
B05_VB2_VC5,MT5_Tester,1800.5,,,,,,,,,,,,,,,
B06_VB3_VC5,MT5_Tester3,1800.7,,,,,,,,,,,,,,,
B02_VC3,MT5_Tester2,56.7,0,0,0.00,0 (0%),0 (0%),0,0,0 (0.00%),0 (0.00%),0,0,0.00,0.00,0,0
R15_rp200,MT5_Tester2,1800.7,,,,,,,,,,,,,,,
Z04_sp2_h20,1800.3,,,,,,,,,,,,,,,
Z04_sp2_h20,1802.1,,,,,,,,,,,,,,,
Z04_sp2_h20,1800.5,,,,,,,,,,,,,,,
H12_wide_A05_harv2,1801.0,,,,,,,,,,,,,,,
H12_wide_A05_harv2,1801.7,,,,,,,,,,,,,,,
W13_sp10_pure,1800.2,,,,,,,,,,,,,,,
Z02_sp5_A10_h10,1801.7,,,,,,,,,,,,,,,
W15_sp30_pure,1801.0,,,,,,,,,,,,,,,
P01_F04_h10,MT5_Tester,66.6,0,0,0.00,0 (0%),0 (0%),0,0,0 (0.00%),0 (0.00%),0,0,0.00,0.00,0,0
Z04_sp3_h20,1800.1,,,,,,,,,,,,,,,
Z04_sp3_h20,1801.3,,,,,,,,,,,,,,,
Z04_sp3_h20,1802.0,,,,,,,,,,,,,,,
H13_wide_A10_harv1,1801.7,,,,,,,,,,,,,,,
H13_wide_A10_harv1,1800.1,,,,,,,,,,,,,,,
W14_sp20_pure,1800.2,,,,,,,,,,,,,,,
Z02_sp5_A10_h20,1800.6,,,,,,,,,,,,,,,
W16_sp10_tp5,1801.9,,,,,,,,,,,,,,,
P02_B16_rp015,MT5_Tester2,1582.7,50 000.00,-10 006.27,0.83,28 175.58 (41.33%),18 649.20 (31.80%),5540,11080,4926 (88.92%),614 (11.08%),48 836.31,-58 842.58,-0.54,-2.06,1 485.00,-4 350.61
B16_rp015_VB2,MT5_Tester,3601.1,,,,,,,,,,,,,,,
Z05_sp07_h2,1800.3,,,,,,,,,,,,,,,
Z05_sp07_h2,1800.2,,,,,,,,,,,,,,,
Z05_sp07_h2,1800.8,,,,,,,,,,,,,,,
P05_B01_VC2,MT5_Tester2,844.9,50 000.00,-10 687.74,0.77,30 674.39 (59.79%),19 775.06 (33.47%),2506,5012,2165 (86.39%),341 (13.61%),36 509.91,-47 197.65,-0.54,-2.17,19 952.58,-1 632.96
H14_wide_A10_harv2,1800.0,,,,,,,,,,,,,,,
H14_wide_A10_harv2,1801.0,,,,,,,,,,,,,,,
P06_B03_VC5,MT5_Tester2,832.9,50 000.00,-10 185.85,0.71,21 621.87 (39.69%),18 496.06 (31.72%),2401,4802,2153 (89.67%),248 (10.33%),25 046.47,-35 232.32,-0.55,-2.20,9 047.06,-2 520.65
W15_sp30_pure,1801.1,,,,,,,,,,,,,,,
Z02_sp5_A10_h30,1801.1,,,,,,,,,,,,,,,
W17_sp10_tp15,1801.0,,,,,,,,,,,,,,,
P03_B25_ultra,MT5_Tester3,3738.0,50 000.00,6 855.20,1.16,2 650.25 (4.56%),402.83 (0.73%),2667,5334,2395 (89.80%),272 (10.20%),49 828.81,-42 973.61,17.02,17.97,1 205.46,-1 952.15
P04_B04_VB_VC3,MT5_Tester,4072.6,50 000.00,56 310.86,1.14,22 795.90 (21.48%),21 677.58 (20.42%),39387,78774,34585 (87.81%),4802 (12.19%),459 523.25,-403 212.39,2.60,4.54,4 064.24,-3 153.75
Z05_sp10_h2,1801.2,,,,,,,,,,,,,,,
Z05_sp10_h2,1801.1,,,,,,,,,,,,,,,
Z05_sp10_h2,1801.1,,,,,,,,,,,,,,,
H15_sp3_A05_harv1,1801.4,,,,,,,,,,,,,,,
P07_B17_rp025,MT5_Tester2,1617.6,50 000.00,-10 005.04,0.84,32 013.80 (44.46%),20 953.33 (34.38%),5650,11300,5026 (88.96%),624 (11.04%),52 235.50,-62 240.54,-0.48,-1.89,1 399.58,-3 555.94
H15_sp3_A05_harv1,1801.5,,,,,,,,,,,,,,,
W16_sp10_tp5,1801.8,,,,,,,,,,,,,,,
Z02_sp5_A20_h10,1801.7,,,,,,,,,,,,,,,
W18_sp20_tp10,1801.9,,,,,,,,,,,,,,,
Z05_sp15_h2,1801.6,,,,,,,,,,,,,,,
Z05_sp15_h2,1801.8,,,,,,,,,,,,,,,
Z05_sp15_h2,1801.6,,,,,,,,,,,,,,,
H16_wide_SL4_harv1,1801.2,,,,,,,,,,,,,,,
H16_wide_SL4_harv1,1801.9,,,,,,,,,,,,,,,
W17_sp10_tp15,1802.0,,,,,,,,,,,,,,,
Z02_sp5_A20_h20,1801.7,,,,,,,,,,,,,,,
W19_sp5_lvl15_A10,1801.6,,,,,,,,,,,,,,,
H17_wide_SL5_harv2,1800.1,,,,,,,,,,,,,,,
P08_B20_rp025_VC3,MT5_Tester3,4215.3,50 000.00,83 379.23,1.18,18 896.90 (15.61%),15 374.22 (13.03%),41044,82088,34548 (84.17%),6496 (15.83%),538 079.77,-454 700.54,5.42,6.57,2 828.52,-4 075.54
P09_B22_rp025_VC5,MT5_Tester,4283.1,50 000.00,63 741.21,1.15,13 821.42 (13.47%),11 199.55 (20.90%),40676,81352,34761 (85.46%),5915 (14.54%),499 129.67,-435 388.46,5.69,4.75,2 925.72,-4 710.72
H17_wide_SL5_harv2,1801.3,,,,,,,,,,,,,,,
W18_sp20_tp10,1801.3,,,,,,,,,,,,,,,
Z02_sp5_A20_h30,1801.2,,,,,,,,,,,,,,,
W20_sp10_lvl3_A03,1801.3,,,,,,,,,,,,,,,
P10_B23_rp025_VA,MT5_Tester2,3954.6,50 000.00,1 656.58,1.08,4 998.81 (8.96%),811.52 (1.62%),1629,3258,1567 (96.19%),62 (3.81%),21 997.62,-20 341.04,2.04,7.26,1 125.87,-4 998.81
B03_VC5,MT5_Tester3,852.3,50 000.00,-10 185.85,0.71,21 621.87 (39.69%),18 496.06 (31.72%),2401,4802,2153 (89.67%),248 (10.33%),25 046.47,-35 232.32,-0.55,-2.20,9 047.06,-2 520.65
H18_full_v04like,1801.0,,,,,,,,,,,,,,,
H18_full_v04like,1801.3,,,,,,,,,,,,,,,
W19_sp5_lvl15_A10,1800.7,,,,,,,,,,,,,,,
Z03_sp5_A05_SL3_h10,1800.7,,,,,,,,,,,,,,,
H19_full_sp3,1800.6,,,,,,,,,,,,,,,
H19_full_sp3,1801.2,,,,,,,,,,,,,,,
W20_sp10_lvl3_A03,1800.7,,,,,,,,,,,,,,,
Z03_sp5_A05_SL3_h20,1800.7,,,,,,,,,,,,,,,
B02_VC3,MT5_Tester2,3961.4,,,,,,,,,,,,,,,
H20_full_sp10,1800.8,,,,,,,,,,,,,,,
B04_VB2_VC3,MT5_Tester3,3961.6,,,,,,,,,,,,,,,
H20_full_sp10,1801.6,,,,,,,,,,,,,,,
Z03_sp5_A05_SL5_h10,1800.7,,,,,,,,,,,,,,,
Z03_sp5_A05_SL5_h20,682.9,50 000.00,1 112.44,1.13,480.25 (0.93%),243.89 (0.48%),1785,3570,1462 (81.90%),323 (18.10%),9 533.93,-8 421.49,4.56,8.73,82.96,-480.25
Z04_sp1_h10,674.9,50 000.00,1 377.32,1.34,1 080.38 (2.06%),71.11 (0.14%),1277,2554,1230 (96.32%),47 (3.68%),5 445.13,-4 067.81,19.37,86.55,529.79,-1 030.03
Z04_sp1_h20,672.0,50 000.00,705.57,1.34,1 048.89 (2.04%),50.50 (0.10%),647,1294,621 (95.98%),26 (4.02%),2 769.71,-2 064.14,13.97,85.13,1 026.06,-437.86
Z04_sp2_h10,661.1,50 000.00,612.58,1.24,1 093.30 (2.11%),133.29 (0.26%),601,1202,574 (95.51%),27 (4.49%),3 167.69,-2 555.11,4.60,31.98,518.20,-459.00
B05_VB2_VC5,MT5_Tester2,4088.3,50 000.00,63 436.92,1.17,17 458.13 (16.92%),17 927.12 (17.64%),38843,77686,34847 (89.71%),3996 (10.29%),440 786.16,-377 349.24,3.54,4.59,2 553.60,-4 574.72
Z04_sp2_h20,750.8,50 000.00,850.99,1.35,1 188.04 (2.29%),122.63 (0.24%),611,1222,588 (96.24%),23 (3.76%),3 269.11,-2 418.12,6.94,42.04,1 018.69,-411.00
B06_VB3_VC5,MT5_Tester3,4141.4,50 000.00,57 794.13,1.14,20 287.04 (18.26%),17 179.97 (15.97%),38980,77960,34871 (89.46%),4109 (10.54%),474 962.08,-417 167.95,3.36,3.72,3 633.86,-5 021.46
Z04_sp3_h10,694.8,50 000.00,383.23,1.13,1 363.77 (2.64%),159.72 (0.32%),463,926,438 (94.60%),25 (5.40%),3 268.18,-2 884.95,2.40,14.26,557.28,-411.33
Z04_sp3_h20,706.9,50 000.00,584.26,1.24,1 203.57 (2.32%),104.34 (0.21%),427,854,408 (95.55%),19 (4.45%),3 017.74,-2 433.48,5.60,24.87,1 018.19,-443.51
Z05_sp07_h2,759.4,50 000.00,7 183.04,1.83,3 192.69 (5.29%),4 366.90 (8.23%),1617,3234,1505 (93.07%),112 (6.93%),15 828.58,-8 645.54,1.64,5.07,1 153.68,-1 586.21
Z05_sp10_h2,722.8,50 000.00,4 357.75,1.76,3 406.30 (5.90%),3 509.12 (6.75%),824,1648,762 (92.48%),62 (7.52%),10 112.81,-5 755.06,1.24,3.72,1 078.24,-1 039.54
B07_VA005_VB2,MT5_Tester2,3961.3,,,,,,,,,,,,,,,
Z05_sp15_h2,823.0,50 000.00,2 862.36,1.73,2 469.38 (4.46%),2 276.35 (4.46%),380,760,344 (90.53%),36 (9.47%),6 791.38,-3 929.02,1.26,3.70,1 056.46,-397.64
B01_VC2,MT5_Tester,12791.1,,,,,,,,,,,,,,,
B08_VA010_VB2,MT5_Tester3,3961.5,,,,,,,,,,,,,,,
B09_VD5_VB2,MT5_Tester2,4357.5,50 000.00,74 493.69,1.31,9 256.11 (7.85%),8 501.23 (7.80%),44028,88056,35494 (80.62%),8534 (19.38%),314 606.53,-240 112.84,8.76,13.43,2 207.50,-9 215.86
B10_VD8_VB2,MT5_Tester,3961.9,,,,,,,,,,,,,,,
B11_FULL_def,MT5_Tester3,3928.1,50 000.00,38 507.54,1.37,2 377.31 (2.90%),683.31 (0.85%),19640,39280,15859 (80.75%),3781 (19.25%),142 811.19,-104 303.65,56.35,26.03,1 678.34,-2 317.94
B12_FULL_med,MT5_Tester2,3923.3,50 000.00,52 896.69,1.37,3 482.01 (5.23%),880.66 (1.34%),24122,48244,20995 (87.04%),3127 (12.96%),197 630.65,-144 733.96,60.06,21.49,2 856.89,-3 482.01
B13_sp10_VB2_VC5,MT5_Tester,3999.9,50 000.00,14 907.44,1.08,18 543.59 (26.42%),16 788.94 (24.27%),11643,23286,10131 (87.01%),1512 (12.99%),201 035.95,-186 128.51,0.89,1.64,2 647.08,-3 059.02
B14_sp15_VB2_VC5,MT5_Tester3,3957.3,50 000.00,7 949.49,1.06,9 225.83 (17.39%),9 684.34 (18.73%),5633,11266,4722 (83.83%),911 (16.17%),133 144.42,-125 194.93,0.82,0.97,1 394.12,-2 558.18
B16_rp015_VB2,MT5_Tester,1727.5,50 000.00,-10 006.27,0.83,28 175.58 (41.33%),18 649.20 (31.80%),5540,11080,4926 (88.92%),614 (11.08%),48 836.31,-58 842.58,-0.54,-2.06,1 485.00,-4 350.61
B17_rp025_VB2,MT5_Tester3,1725.4,50 000.00,-10 005.04,0.84,32 013.80 (44.46%),20 953.33 (34.38%),5650,11300,5026 (88.96%),624 (11.04%),52 235.50,-62 240.54,-0.48,-1.89,1 399.58,-3 555.94
B19_rp075_VB2,MT5_Tester3,1629.5,50 000.00,-10 187.68,0.78,26 924.00 (40.34%),18 103.36 (31.26%),4763,9526,4446 (93.34%),317 (6.66%),35 803.55,-45 991.23,-0.56,-2.31,1 338.85,-7 908.97
B18_rp050_VB2,MT5_Tester,1707.5,50 000.00,-10 216.02,0.82,34 419.50 (46.39%),22 896.29 (36.53%),5389,10778,4921 (91.32%),468 (8.68%),46 864.91,-57 080.93,-0.45,-2.06,1 499.52,-2 203.02
N02_sp4_VD5_VB2,MT5_Tester2,6722.5,,,,,,,,,,,,,,,
B15_sp1_VB2_VC3,MT5_Tester2,5222.3,,,,,,,,,,,,,,,
B20_rp025_VB2_VC3,MT5_Tester3,4349.7,50 000.00,83 379.23,1.18,18 896.90 (15.61%),15 374.22 (13.03%),41044,82088,34548 (84.17%),6496 (15.83%),538 079.77,-454 700.54,5.42,6.57,2 828.52,-4 075.54
B21_rp050_VB2_VC3,MT5_Tester,4386.5,50 000.00,76 899.31,1.19,9 686.70 (17.26%),9 264.92 (16.49%),40008,80016,34434 (86.07%),5574 (13.93%),490 713.40,-413 814.09,8.30,5.81,3 457.48,-3 305.72
N01_sp3_VD5_VB2,MT5_Tester,9964.2,,,,,,,,,,,,,,,
N03_sp7_VD5_VB2,MT5_Tester3,9964.2,,,,,,,,,,,,,,,
B22_rp025_VB2_VC5,MT5_Tester2,4374.6,50 000.00,63 741.21,1.15,13 821.42 (13.47%),11 199.55 (20.90%),40676,81352,34761 (85.46%),5915 (14.54%),499 129.67,-435 388.46,5.69,4.75,2 925.72,-4 710.72
N06_lvl15_VD5_VB2,MT5_Tester3,4141.9,,,,,,,,,,,,,,,
B23_rp025_VA005_VB2,MT5_Tester3,4381.9,,,,,,,,,,,,,,,
B24_rp050_VA005_VB2,MT5_Tester,4620.9,,,,,,,,,,,,,,,
N05_lvl10_VD5_VB2,MT5_Tester,4502.1,,,,,,,,,,,,,,,
B25_rp015_VA005_VC3_VB2,MT5_Tester2,3928.1,50 000.00,6 855.20,1.16,2 650.25 (4.56%),402.83 (0.73%),2667,5334,2395 (89.80%),272 (10.20%),49 828.81,-42 973.61,17.02,17.97,1 205.46,-1 952.15
N04_sp10_VD5_VB2,MT5_Tester2,8704.2,,,,,,,,,,,,,,,
N07_TPbaixVD5,MT5_Tester3,3961.6,,,,,,,,,,,,,,,
N08_TPaltVD5,MT5_Tester,3890.1,50 000.00,58 712.28,1.24,2 941.98 (2.67%),2 979.99 (2.78%),33628,67256,24712 (73.49%),8916 (26.51%),300 166.72,-241 454.44,19.70,13.55,2 177.94,-2 900.51
N09_VD5_rp025,MT5_Tester2,4062.4,50 000.00,75 743.31,1.29,5 680.74 (6.37%),4 832.46 (5.47%),43865,87730,35139 (80.11%),8726 (19.89%),335 191.11,-259 447.80,15.67,12.12,2 497.40,-5 579.10
N12_lot003_VD5_VB2,MT5_Tester2,16.5,0.00,0.00,0.00,0.00 (0.00%),0.00 (0.00%),0,0,0 (0.00%),0 (0.00%),0.00,0.00,0.00,0.00,0.00,0.00
N10_VD5_rp05_VB15,MT5_Tester3,4187.1,50 000.00,81 390.11,1.34,4 298.46 (3.81%),3 740.29 (3.16%),43740,87480,35126 (80.31%),8614 (19.69%),322 162.38,-240 772.27,21.76,16.17,1 931.08,-4 273.46
N11_lot02_VD5_VB2,MT5_Tester,4131.4,50 000.00,181 082.53,1.39,4 706.66 (3.68%),4 208.73 (3.08%),43790,87580,35135 (80.24%),8655 (19.76%),642 662.96,-461 580.43,43.03,20.88,4 483.08,-4 582.36
N14_FULL_sp10,MT5_Tester3,740.0,0,0,0.00,0 (0%),0 (0%),0,0,0 (0.00%),0 (0.00%),0,0,0.00,0.00,0,0
N13_FULL_sp3,MT5_Tester2,3508.4,0,0,0.00,0 (0%),0 (0%),0,0,0 (0.00%),0 (0.00%),0,0,0.00,0.00,0,0
N15_VD5_VA003,MT5_Tester,549.9,0,0,0.00,0 (0%),0 (0%),0,0,0 (0.00%),0 (0.00%),0,0,0.00,0.00,0,0
N16_VD5_VA005,MT5_Tester3,70.8,0,0,0.00,0 (0%),0 (0%),0,0,0 (0.00%),0 (0.00%),0,0,0.00,0.00,0,0
N17_VD2_VB2,MT5_Tester2,72.8,0,0,0.00,0 (0%),0 (0%),0,0,0 (0.00%),0 (0.00%),0,0,0.00,0.00,0,0
N20_ULTRA2,MT5_Tester2,101.4,0,0,0.00,0 (0%),0 (0%),0,0,0 (0.00%),0 (0.00%),0,0,0.00,0.00,0,0
LV01_N11_live,MT5_Tester,122.6,0,0,0.00,0 (0%),0 (0%),0,0,0 (0.00%),0 (0.00%),0,0,0.00,0.00,0,0
LV04_B20_live,MT5_Tester,302.6,0,0,0.00,0 (0%),0 (0%),0,0,0 (0.00%),0 (0.00%),0,0,0.00,0.00,0,0
N02_sp4_VD5_VB2,MT5_Tester2,121.1,0,0,0.00,0 (0%),0 (0%),0,0,0 (0.00%),0 (0.00%),0,0,0.00,0.00,0,0
N02_sp4_VD5_VB2,MT5_Tester2,52.5,0,0,0.00,0 (0%),0 (0%),0,0,0 (0.00%),0 (0.00%),0,0,0.00,0.00,0,0
N02_sp4_VD5_VB2,MT5_Tester2,1013.3,0,0,0.00,0 (0%),0 (0%),0,0,0 (0.00%),0 (0.00%),0,0,0.00,0.00,0,0
N02_sp4_VD5_VB2,MT5_Tester2,73.1,0,0,0.00,0 (0%),0 (0%),0,0,0 (0.00%),0 (0.00%),0,0,0.00,0.00,0,0
LV01_N11_live,MT5_Tester,3961.4,,,,,,,,,,,,,,,
N01_sp3_VD5_VB2,MT5_Tester,3962.4,,,,,,,,,,,,,,,
N03_sp7_VD5_VB2,MT5_Tester3,3962.4,,,,,,,,,,,,,,,
N04_sp10_VD5_VB2,MT5_Tester2,3962.6,,,,,,,,,,,,,,,
N03_sp7_VD5_VB2,MT5_Tester3,4387.1,,,,,,,,,,,,,,,
N01_sp3_VD5_VB2,MT5_Tester,4387.1,,,,,,,,,,,,,,,
LV01_N11_live,MT5_Tester,4084.9,,,,,,,,,,,,,,,
N05_lvl10_VD5_VB2,MT5_Tester3,46.5,0,0,0.00,0 (0%),0 (0%),0,0,0 (0.00%),0 (0.00%),0,0,0.00,0.00,0,0
LV01_N11_live,MT5_Tester,4080.9,,,,,,,,,,,,,,,
LV01_N11_live,MT5_Tester,4201.2,,,,,,,,,,,,,,,
N04_sp10_VD5_VB2,MT5_Tester2,3961.3,,,,,,,,,,,,,,,
N08_TPaltVD5,MT5_Tester2,743.4,0,0,0.00,0 (0%),0 (0%),0,0,0 (0.00%),0 (0.00%),0,0,0.00,0.00,0,0
N06_lvl15_VD5_VB2,MT5_Tester3,3960.7,,,,,,,,,,,,,,,
N05_lvl10_VD5_VB2,MT5_Tester,3962.3,,,,,,,,,,,,,,,
N07_TPbaixVD5,MT5_Tester2,3961.7,,,,,,,,,,,,,,,
N07_TPbaixVD5,MT5_Tester3,7207.6,,,,,,,,,,,,,,,
N08_TPaltVD5,MT5_Tester3,4446.6,50 000.00,58 712.28,1.24,2 941.98 (2.67%),2 979.99 (2.78%),33628,67256,24712 (73.49%),8916 (26.51%),300 166.72,-241 454.44,19.70,13.55,2 177.94,-2 900.51
N06_lvl15_VD5_VB2,MT5_Tester,7268.3,,,,,,,,,,,,,,,
N09_VD5_rp025,MT5_Tester,4506.4,,,,,,,,,,,,,,,
N10_VD5_rp05_VB15,MT5_Tester2,4445.5,,,,,,,,,,,,,,,
N12_lot003_VD5_VB2,MT5_Tester,64.5,0.00,0.00,0.00,0.00 (0.00%),0.00 (0.00%),0,0,0 (0.00%),0 (0.00%),0.00,0.00,0.00,0.00,0.00,0.00
N09_VD5_rp025,MT5_Tester2,6066.7,,,,,,,,,,,,,,,
N10_VD5_rp05_VB15,MT5_Tester3,3962.0,,,,,,,,,,,,,,,
N11_lot02_VD5_VB2,MT5_Tester3,3961.8,,,,,,,,,,,,,,,
N11_lot02_VD5_VB2,MT5_Tester,3961.7,,,,,,,,,,,,,,,
N13_FULL_sp3,MT5_Tester2,3960.3,,,,,,,,,,,,,,,
BP_p1_jun24_B_tight,MT5_Tester2,112.8,0,0,0.00,0 (0%),0 (0%),0,0,0 (0.00%),0 (0.00%),0,0,0.00,0.00,0,0
BP_p1_jun24_A_baseline,MT5_Tester,376.7,50 000.00,-187.40,0.91,589.68 (1.18%),606.52 (1.21%),216,432,169 (78.24%),47 (21.76%),1 987.31,-2 174.71,-0.31,-2.92,34.12,-55.17
BP_p1_jun24_C_full,MT5_Tester3,393.2,50 000.00,9.43,1.01,318.82 (0.64%),310.88 (0.62%),206,412,147 (71.36%),59 (28.64%),1 729.05,-1 719.62,0.03,0.29,34.12,-35.17
BP_p1_jun24_D_tpfast,MT5_Tester2,327.2,50 000.00,132.91,1.07,258.77 (0.52%),196.33 (0.39%),275,550,210 (76.36%),65 (23.64%),2 019.86,-1 886.95,0.68,3.95,34.12,-35.17
BP_p2_ago24_A_baseline,MT5_Tester,272.6,50 000.00,127.52,1.05,567.86 (1.13%),554.96 (1.11%),293,586,237 (80.89%),56 (19.11%),2 762.23,-2 634.71,0.23,1.93,32.70,-50.00
BP_p2_ago24_B_tight,MT5_Tester3,275.0,50 000.00,145.02,1.06,353.62 (0.71%),349.98 (0.70%),327,654,237 (72.48%),90 (27.52%),2 777.05,-2 632.03,0.41,4.09,32.70,-30.00
BP_p2_ago24_C_full,MT5_Tester2,254.8,50 000.00,-80.83,0.97,398.04 (0.80%),408.90 (0.82%),295,590,209 (70.85%),86 (29.15%),2 431.20,-2 512.03,-0.20,-2.17,32.70,-30.00
BP_p2_ago24_D_tpfast,MT5_Tester,249.2,50 000.00,146.30,1.06,361.88 (0.72%),345.24 (0.69%),376,752,286 (76.06%),90 (23.94%),2 778.33,-2 632.03,0.42,3.84,32.70,-30.00
BP_p3_nov24_A_baseline,MT5_Tester3,275.2,50 000.00,-777.08,0.76,1 052.16 (2.09%),1 061.04 (2.11%),281,562,214 (76.16%),67 (23.84%),2 439.13,-3 216.21,-0.73,-5.00,19.84,-55.17
BP_p3_nov24_B_tight,MT5_Tester2,269.4,50 000.00,-450.86,0.84,646.10 (1.29%),639.20 (1.28%),311,622,214 (68.81%),97 (31.19%),2 445.18,-2 896.04,-0.71,-5.00,19.84,-35.17
BP_p4_dec24_A_baseline,MT5_Tester2,200.7,50 000.00,-316.10,0.74,560.04 (1.11%),578.50 (1.15%),114,228,86 (75.44%),28 (24.56%),909.23,-1 225.33,-0.55,-5.00,22.78,-53.44
BP_p3_nov24_C_full,MT5_Tester,270.7,50 000.00,-450.23,0.83,633.79 (1.26%),637.85 (1.27%),278,556,191 (68.71%),87 (31.29%),2 168.10,-2 618.33,-0.71,-5.00,19.84,-35.17
BP_p3_nov24_D_tpfast,MT5_Tester3,285.0,50 000.00,-394.06,0.86,595.12 (1.19%),599.20 (1.20%),368,736,271 (73.64%),97 (26.36%),2 496.81,-2 890.87,-0.66,-5.00,15.58,-35.17
BP_p4_dec24_B_tight,MT5_Tester2,198.7,50 000.00,-152.68,0.86,285.58 (0.57%),299.34 (0.60%),124,248,86 (69.35%),38 (30.65%),921.81,-1 074.49,-0.51,-5.00,22.78,-31.72
BP_p4_dec24_C_full,MT5_Tester,198.6,50 000.00,-152.17,0.84,272.97 (0.54%),287.83 (0.57%),109,218,75 (68.81%),34 (31.19%),804.73,-956.90,-0.53,-5.00,22.78,-31.72
BP_p4_dec24_D_tpfast,MT5_Tester3,180.8,50 000.00,-163.60,0.85,281.68 (0.56%),300.30 (0.60%),139,278,101 (72.66%),38 (27.34%),909.77,-1 073.37,-0.54,-5.00,22.78,-31.72
BP_p5_mar25_A_baseline,MT5_Tester2,235.0,50 000.00,53.82,1.04,404.96 (0.81%),436.40 (0.87%),146,292,118 (80.82%),28 (19.18%),1 290.88,-1 237.06,0.12,1.31,18.78,-50.00
BP_p5_mar25_B_tight,MT5_Tester,236.5,50 000.00,224.68,1.21,131.36 (0.26%),139.78 (0.28%),156,312,118 (75.64%),38 (24.36%),1 297.76,-1 073.08,1.61,11.03,18.78,-31.72
BP_p5_mar25_C_full,MT5_Tester3,218.6,50 000.00,241.22,1.27,120.68 (0.24%),135.78 (0.27%),135,270,103 (76.30%),32 (23.70%),1 135.94,-894.72,1.78,12.00,18.78,-31.72
BP_p5_mar25_D_tpfast,MT5_Tester2,234.7,50 000.00,183.30,1.17,146.92 (0.29%),149.32 (0.30%),178,356,141 (79.21%),37 (20.79%),1 255.88,-1 072.58,1.23,8.22,14.10,-31.72
BP_p6_may25_A_baseline,MT5_Tester,452.9,50 000.00,-183.90,0.99,1 447.83 (2.84%),1 307.67 (2.58%),1256,2512,996 (79.30%),260 (20.70%),12 957.37,-13 141.27,-0.14,-0.64,199.00,-534.15
BP_p6_may25_B_tight,MT5_Tester3,451.7,50 000.00,1 485.55,1.12,836.06 (1.61%),528.86 (1.03%),1402,2804,1001 (71.40%),401 (28.60%),13 799.90,-12 314.35,2.81,7.16,774.92,-572.90
BP_p6_may25_C_full,MT5_Tester2,421.1,50 000.00,811.75,1.09,422.70 (0.84%),504.92 (1.01%),1110,2220,797 (71.80%),313 (28.20%),10 107.81,-9 296.06,1.61,4.88,124.43,-35.92
N13_FULL_sp3,MT5_Tester3,4381.6,,,,,,,,,,,,,,,
N15_VD5_VA003,MT5_Tester3,4382.2,,,,,,,,,,,,,,,
BP_p6_may25_D_tpfast,MT5_Tester,440.6,50 000.00,1 037.16,1.08,906.76 (1.75%),715.01 (1.39%),1599,3198,1203 (75.23%),396 (24.77%),13 467.29,-12 430.13,1.45,4.40,774.92,-370.04
N16_VD5_VA005,MT5_Tester2,4442.1,,,,,,,,,,,,,,,
N14_FULL_sp10,MT5_Tester,8658.1,,,,,,,,,,,,,,,
N14_FULL_sp10,MT5_Tester,4802.2,,,,,,,,,,,,,,,
N15_VD5_VA003,MT5_Tester3,3731.4,50 000.00,19 557.39,1.40,1 965.66 (3.68%),345.58 (0.55%),9526,19052,7747 (81.32%),1779 (18.68%),68 571.88,-49 014.49,56.59,22.56,1 270.97,-1 965.66
N19_ULTRA,MT5_Tester,3761.9,50 000.00,36 660.43,1.32,1 580.20 (2.05%),756.58 (1.06%),23914,47828,17311 (72.39%),6603 (27.61%),150 629.03,-113 968.60,48.46,20.63,1 224.27,-1 580.20
N18_VD10_VB2,MT5_Tester2,4261.1,50 000.00,88 145.47,1.37,3 793.95 (3.61%),3 014.12 (2.97%),39741,79482,35259 (88.72%),4482 (11.28%),325 669.53,-237 524.06,29.24,14.05,2 995.41,-3 793.95
N12_lot003_VD5_VB2,MT5_Tester2,12691.3,,,,,,,,,,,,,,,
N20_ULTRA2,MT5_Tester,3836.2,50 000.00,22 508.01,1.36,1 024.29 (1.97%),336.44 (0.66%),12701,25402,9192 (72.37%),3509 (27.63%),84 306.00,-61 797.99,66.90,26.75,718.24,-1 024.29
N17_VD2_VB2,MT5_Tester3,8048.2,50 000.00,77 107.57,1.33,10 101.85 (8.57%),3 936.95 (3.56%),55416,110832,35428 (63.93%),19988 (36.07%),310 897.59,-233 790.02,19.59,18.41,2 503.47,-10 077.08
N17_VD2_VB2,MT5_Tester3,4317.4,50 000.00,77 107.57,1.33,10 101.85 (8.57%),3 936.95 (3.56%),55416,110832,35428 (63.93%),19988 (36.07%),310 897.59,-233 790.02,19.59,18.41,2 503.47,-10 077.08
VS_hv1_oct25_sp15,MT5_Tester3,4082.3,,,,,,,,,,,,,,,
N18_VD10_VB2,MT5_Tester2,4216.8,50 000.00,88 145.47,1.37,3 793.95 (3.61%),3 014.12 (2.97%),39741,79482,35259 (88.72%),4482 (11.28%),325 669.53,-237 524.06,29.24,14.05,2 995.41,-3 793.95
N19_ULTRA,MT5_Tester3,3879.3,50 000.00,36 660.43,1.32,1 580.20 (2.05%),756.58 (1.06%),23914,47828,17311 (72.39%),6603 (27.61%),150 629.03,-113 968.60,48.46,20.63,1 224.27,-1 580.20
VS_hv1_oct25_sp2,MT5_Tester3,4202.4,,,,,,,,,,,,,,,
O01_VD3_VB2,MT5_Tester,4228.4,50 000.00,86 187.06,1.38,3 087.48 (4.11%),2 384.74 (2.78%),49389,98778,35547 (71.97%),13842 (28.03%),313 368.93,-227 181.87,36.14,16.94,2 430.49,-3 057.48
N20_ULTRA2,MT5_Tester2,3804.8,50 000.00,22 508.01,1.36,1 024.29 (1.97%),336.44 (0.66%),12701,25402,9192 (72.37%),3509 (27.63%),84 306.00,-61 797.99,66.90,26.75,718.24,-1 024.29
VS_hv1_oct25_sp10,MT5_Tester2,8888.8,,,,,,,,,,,,,,,
VS_hv1_oct25_sp3,MT5_Tester3,739.3,50 000.00,19 008.72,1.24,2 336.62 (3.41%),1 327.22 (2.17%),13256,26512,9389 (70.83%),3867 (29.17%),97 852.87,-78 844.15,14.32,26.02,1 049.16,-2 336.62
VS_hv1_oct25_sp5,MT5_Tester2,703.6,50 000.00,12 262.20,1.26,1 117.00 (1.78%),1 608.26 (2.61%),5421,10842,3926 (72.42%),1495 (27.58%),59 123.95,-46 861.75,7.62,20.30,1 010.51,-1 007.46
VS_hv1_oct25_sp7,MT5_Tester3,693.5,50 000.00,7 793.23,1.23,1 112.88 (2.07%),852.60 (1.46%),2762,5524,2012 (72.85%),750 (27.15%),41 554.22,-33 760.99,9.14,18.82,858.56,-1 112.88
VS_hv2_feb26_sp10,MT5_Tester3,599.7,50 000.00,20 690.26,1.29,1 717.46 (3.05%),1 473.78 (2.43%),4020,8040,2909 (72.36%),1111 (27.64%),92 990.98,-72 300.72,14.04,23.85,1 230.72,-1 625.16
O02_VD4_VB2,MT5_Tester2,6546.8,,,,,,,,,,,,,,,
N16_VD5_VA005,MT5_Tester,14400.5,,,,,,,,,,,,,,,
VS_hv2_feb26_sp15,MT5_Tester3,522.5,50 000.00,6 184.56,1.13,3 025.06 (5.15%),2 654.76 (4.63%),1843,3686,1347 (73.09%),496 (26.91%),55 587.05,-49 402.49,2.33,8.39,947.12,-2 677.66
VS_hv2_feb26_sp1,MT5_Tester2,1403.7,50 000.00,404 148.53,2.16,8 372.12 (1.88%),4 700.46 (1.26%),128135,256270,83992 (65.55%),44143 (34.45%),752 669.09,-348 520.56,85.98,61.97,7 130.84,-8 339.24
VS_hv2_feb26_sp2,MT5_Tester3,863.0,50 000.00,184 977.68,1.69,7 295.61 (3.08%),3 456.03 (2.84%),56402,112804,38563 (68.37%),17839 (31.63%),454 513.52,-269 535.84,53.52,46.28,3 388.11,-7 293.31
VS_hv2_feb26_sp3,MT5_Tester2,700.0,50 000.00,124 267.86,1.63,2 920.00 (2.62%),4 345.46 (3.99%),31267,62534,21823 (69.80%),9444 (30.20%),321 760.55,-197 492.69,28.60,46.49,2 972.20,-2 812.00
O04_VD7_VB2,MT5_Tester,3711.2,50 000.00,88 139.33,1.38,4 148.89 (4.72%),5 231.38 (4.44%),41678,83356,35465 (85.09%),6213 (14.91%),321 311.25,-233 171.92,16.85,13.79,2 648.93,-3 962.98
VS_hv2_feb26_sp7,MT5_Tester2,631.8,50 000.00,30 708.59,1.30,3 756.96 (5.85%),3 009.72 (4.74%),7657,15314,5499 (71.82%),2158 (28.18%),134 202.88,-103 494.29,10.20,28.25,1 271.91,-3 586.14
VS_hv2_feb26_sp5,MT5_Tester3,631.8,50 000.00,48 947.95,1.34,4 856.96 (7.06%),2 498.48 (3.90%),13856,27712,9884 (71.33%),3972 (28.67%),190 971.90,-142 023.95,19.59,29.00,1 569.84,-4 790.20
VS_lv1_jun24_sp10,MT5_Tester3,605.4,50 000.00,-450.22,0.77,550.28 (1.10%),536.70 (1.07%),104,208,70 (67.31%),34 (32.69%),1 473.89,-1 924.11,-0.84,-5.00,44.12,-65.17
VS_lv1_jun24_sp1,MT5_Tester2,649.2,50 000.00,860.42,1.06,260.96 (0.51%),602.43 (1.18%),7784,15568,5248 (67.42%),2536 (32.58%),16 095.49,-15 235.07,1.43,5.51,68.81,-78.77
VS_lv1_jun24_sp15,MT5_Tester3,567.6,50 000.00,-124.65,0.88,289.85 (0.58%),350.17 (0.70%),42,84,28 (66.67%),14 (33.33%),872.80,-997.45,-0.36,-2.00,54.12,-96.88
VS_lv1_jun24_sp2,MT5_Tester2,563.6,50 000.00,175.67,1.02,326.96 (0.65%),408.65 (0.81%),2189,4378,1532 (69.99%),657 (30.01%),8 007.12,-7 831.45,0.43,2.24,36.12,-54.27
VS_lv1_jun24_sp3,MT5_Tester3,593.4,50 000.00,377.13,1.07,188.32 (0.38%),185.60 (0.37%),1021,2042,738 (72.28%),283 (27.72%),5 416.44,-5 039.31,2.03,5.86,36.12,-23.17
VS_lv1_jun24_sp5,MT5_Tester2,591.4,50 000.00,333.95,1.11,290.94 (0.58%),243.96 (0.49%),392,784,290 (73.98%),102 (26.02%),3 321.04,-2 987.09,1.37,5.24,34.12,-38.33
VS_hv1_oct25_sp1,MT5_Tester,14400.5,,,,,,,,,,,,,,,
VS_lv1_jun24_sp7,MT5_Tester3,571.2,50 000.00,-66.74,0.97,205.12 (0.41%),185.80 (0.37%),193,386,139 (72.02%),54 (27.98%),2 131.87,-2 198.61,-0.36,-1.06,38.12,-47.17
VS_lv2_jul24_sp1,MT5_Tester2,699.5,50 000.00,1 391.86,1.08,481.70 (0.93%),402.72 (0.79%),9317,18634,6316 (67.79%),3001 (32.21%),19 748.09,-18 356.23,3.46,7.96,763.84,-279.80
VS_lv2_jul24_sp15,MT5_Tester3,691.4,50 000.00,-412.60,0.76,591.48 (1.18%),588.70 (1.18%),62,124,42 (67.74%),20 (32.26%),1 275.18,-1 687.78,-0.70,-5.00,44.81,-96.89
VS_lv2_jul24_sp2,MT5_Tester2,649.8,50 000.00,403.00,1.04,238.66 (0.47%),278.34 (0.55%),2622,5244,1858 (70.86%),764 (29.14%),9 654.92,-9 251.92,1.45,3.88,35.98,-149.18
VS_lv2_jul24_sp3,MT5_Tester3,484.8,50 000.00,238.06,1.04,219.04 (0.43%),299.59 (0.60%),1192,2384,860 (72.15%),332 (27.85%),6 291.29,-6 053.23,0.79,2.45,33.34,-129.34
VS_lv2_jul24_sp5,MT5_Tester2,516.7,50 000.00,-50.92,0.99,524.71 (1.04%),542.72 (1.08%),470,940,339 (72.13%),131 (27.87%),3 794.65,-3 845.57,-0.09,-0.51,35.34,-35.17
O06_VD5_VB25,MT5_Tester,4023.8,,,,,,,,,,,,,,,
O01_VD3_VB2,MT5_Tester,5225.0,,,,,,,,,,,,,,,
VS_lv2_jul24_sp7,MT5_Tester3,588.6,50 000.00,144.06,1.05,406.18 (0.81%),514.86 (1.02%),255,510,187 (73.33%),68 (26.67%),2 886.84,-2 742.78,0.28,1.48,107.16,-47.17
VS_lv3_nov24_sp1,MT5_Tester2,594.0,50 000.00,3 342.77,1.13,226.56 (0.45%),320.28 (0.61%),13206,26412,8927 (67.60%),4279 (32.40%),29 220.67,-25 877.90,10.44,18.66,785.14,-113.96
VS_lv3_nov24_sp10,MT5_Tester3,631.1,50 000.00,-643.72,0.81,958.60 (1.91%),1 000.64 (1.99%),186,372,128 (68.82%),58 (31.18%),2 748.33,-3 392.05,-0.64,-5.00,40.52,-65.17
VS_lv3_nov24_sp15,MT5_Tester2,638.7,50 000.00,-680.90,0.75,940.02 (1.88%),922.46 (1.84%),97,194,65 (67.01%),32 (32.99%),2 022.59,-2 703.49,-0.74,-5.00,41.12,-96.89
O02_VD4_VB2,MT5_Tester2,6846.9,,,,,,,,,,,,,,,
O05_VD5_VB15,MT5_Tester2,7087.1,,,,,,,,,,,,,,,
VS_lv3_nov24_sp2,MT5_Tester3,618.9,50 000.00,972.64,1.07,222.89 (0.44%),224.40 (0.45%),3825,7650,2728 (71.32%),1097 (28.68%),14 325.34,-13 352.70,4.33,9.89,32.52,-120.55
VS_lv3_nov24_sp3,MT5_Tester2,604.9,50 000.00,612.85,1.07,224.62 (0.44%),229.38 (0.45%),1746,3492,1258 (72.05%),488 (27.95%),9 370.56,-8 757.71,2.67,6.58,135.96,-23.17
VS_lv3_nov24_sp5,MT5_Tester3,618.8,50 000.00,751.76,1.13,424.90 (0.84%),363.50 (0.72%),672,1344,479 (71.28%),193 (28.72%),6 444.90,-5 693.14,2.07,6.76,757.90,-35.17
O03_VD6_VB2,MT5_Tester3,14400.5,,,,,,,,,,,,,,,
VS_lv3_nov24_sp7,MT5_Tester2,609.0,50 000.00,-693.78,0.85,974.82 (1.94%),962.48 (1.92%),370,740,257 (69.46%),113 (30.54%),4 002.88,-4 696.66,-0.72,-5.00,34.52,-47.17
O07_VD5_VB3,MT5_Tester,3853.7,50 000.00,74 959.79,1.31,8 661.17 (7.59%),6 865.00 (6.12%),43847,87694,35331 (80.58%),8516 (19.42%),316 307.26,-241 347.47,10.92,11.29,3 323.70,-8 661.17
O05_VD5_VB15,MT5_Tester2,3960.3,,,,,,,,,,,,,,,
O08_VD5_VB2_rp05,MT5_Tester2,3962.1,,,,,,,,,,,,,,,
O09_VD5_VB2_rp025,MT5_Tester3,3914.2,50 000.00,75 743.31,1.29,5 680.74 (6.37%),4 832.46 (5.47%),43865,87730,35139 (80.11%),8726 (19.89%),335 191.11,-259 447.80,15.67,12.12,2 497.40,-5 579.10
O10_VD5_VB2_VC5,MT5_Tester,3913.9,50 000.00,82 892.69,1.35,4 605.53 (5.11%),3 291.15 (3.66%),43930,87860,35394 (80.57%),8536 (19.43%),319 102.22,-236 209.53,25.19,16.07,2 637.52,-4 467.06
O03_VD6_VB2,MT5_Tester3,14401.7,,,,,,,,,,,,,,,
O06_VD5_VB25,MT5_Tester2,3976.9,50 000.00,82 567.24,1.35,5 078.96 (4.33%),2 670.10 (4.35%),43835,87670,35320 (80.57%),8515 (19.43%),318 636.46,-236 069.22,30.92,15.03,3 004.30,-4 966.60
O12_VD5_VB2_VA010,MT5_Tester3,3771.6,50 000.00,63 352.02,1.34,2 380.09 (2.57%),889.13 (0.98%),35057,70114,28269 (80.64%),6788 (19.36%),251 775.27,-188 423.25,71.25,21.83,2 088.52,-2 331.82
O13_VD5_VB2_VA015,MT5_Tester,4163.4,50 000.00,81 805.21,1.39,2 397.06 (2.08%),3 036.06 (3.52%),40605,81210,32730 (80.61%),7875 (19.39%),291 806.96,-210 001.75,26.94,16.08,2 518.56,-2 214.61
VS_lv2_jul24_sp10,MT5_Tester,14401.2,,,,,,,,,,,,,,,
O07_VD5_VB3,MT5_Tester3,4261.5,,,,,,,,,,,,,,,
O08_VD5_VB2_rp05,MT5_Tester2,4055.0,50 000.00,88 581.05,1.37,3 556.81 (6.18%),2 112.20 (2.21%),43825,87650,35219 (80.36%),8606 (19.64%),327 645.68,-239 064.63,41.94,18.11,2 758.18,-3 556.81
O14_FULL_VA03,MT5_Tester3,3633.4,50 000.00,13 332.88,1.31,1 595.49 (3.07%),453.25 (0.74%),8016,16032,6492 (80.99%),1524 (19.01%),56 470.21,-43 137.33,29.42,19.35,1 189.31,-1 593.00
O04_VD7_VB2,MT5_Tester,14400.6,,,,,,,,,,,,,,,
O15_FULL_VA10,MT5_Tester,3669.1,50 000.00,56 721.43,1.30,3 330.92 (3.21%),1 522.37 (1.49%),33760,67520,27285 (80.82%),6475 (19.18%),247 177.07,-190 455.64,37.26,19.42,2 078.66,-3 120.76
O16_FULL_VC2,MT5_Tester3,3539.1,50 000.00,36 251.03,1.35,2 907.81 (3.64%),1 140.12 (1.43%),19016,38032,15349 (80.72%),3667 (19.28%),138 984.24,-102 733.21,31.80,23.19,1 650.10,-1 642.05
O10_VD5_VB2_VC5,MT5_Tester2,3871.6,50 000.00,82 892.69,1.35,4 605.53 (5.11%),3 291.15 (3.66%),43930,87860,35394 (80.57%),8536 (19.43%),319 102.22,-236 209.53,25.19,16.07,2 637.52,-4 467.06
O09_VD5_VB2_rp025,MT5_Tester3,4441.4,,,,,,,,,,,,,,,
O11_VD5_VB2_VC8,MT5_Tester2,12308.5,,,,,,,,,,,,,,,
O17_FULL_VC5,MT5_Tester,3487.1,50 000.00,38 507.54,1.37,2 377.31 (2.90%),683.31 (0.85%),19640,39280,15859 (80.75%),3781 (19.25%),142 811.19,-104 303.65,56.35,26.03,1 678.34,-2 317.94
O18_FULL_rp05,MT5_Tester3,3391.8,50 000.00,31 268.83,1.34,1 494.56 (1.97%),749.72 (0.92%),17049,34098,13800 (80.94%),3249 (19.06%),122 372.95,-91 104.12,41.71,20.10,1 547.79,-1 449.06
O12_VD5_VB2_VA010,MT5_Tester2,3563.9,50 000.00,63 352.02,1.34,2 380.09 (2.57%),889.13 (0.98%),35057,70114,28269 (80.64%),6788 (19.36%),251 775.27,-188 423.25,71.25,21.83,2 088.52,-2 331.82
O13_VD5_VB2_VA015,MT5_Tester3,3960.6,,,,,,,,,,,,,,,
O20_VD5_VB2_VC5_rp05,MT5_Tester,3972.8,50 000.00,76 156.56,1.30,6 195.12 (5.02%),6 119.75 (4.92%),43938,87876,35251 (80.23%),8687 (19.77%),328 978.37,-252 821.81,12.44,14.07,2 424.59,-6 121.11
O11_VD5_VB2_VC8,MT5_Tester,8707.7,,,,,,,,,,,,,,,
O19_VD4_VB15_rp05,MT5_Tester2,6365.3,,,,,,,,,,,,,,,
O14_FULL_VA03,MT5_Tester2,3508.1,50 000.00,13 332.88,1.31,1 595.49 (3.07%),453.25 (0.74%),8016,16032,6492 (80.99%),1524 (19.01%),56 470.21,-43 137.33,29.42,19.35,1 189.31,-1 593.00
O15_FULL_VA10,MT5_Tester3,3699.8,50 000.00,56 721.43,1.30,3 330.92 (3.21%),1 522.37 (1.49%),33760,67520,27285 (80.82%),6475 (19.18%),247 177.07,-190 455.64,37.26,19.42,2 078.66,-3 120.76
O16_FULL_VC2,MT5_Tester,3558.0,50 000.00,36 251.03,1.35,2 907.81 (3.64%),1 140.12 (1.43%),19016,38032,15349 (80.72%),3667 (19.28%),138 984.24,-102 733.21,31.80,23.19,1 650.10,-1 642.05
O17_FULL_VC5,MT5_Tester2,3561.7,50 000.00,38 507.54,1.37,2 377.31 (2.90%),683.31 (0.85%),19640,39280,15859 (80.75%),3781 (19.25%),142 811.19,-104 303.65,56.35,26.03,1 678.34,-2 317.94
O18_FULL_rp05,MT5_Tester3,3519.3,50 000.00,31 268.83,1.34,1 494.56 (1.97%),749.72 (0.92%),17049,34098,13800 (80.94%),3249 (19.06%),122 372.95,-91 104.12,41.71,20.10,1 547.79,-1 449.06
L03_B11_lot03,MT5_Tester3,5162.9,,,,,,,,,,,,,,,
O19_VD4_VB15_rp05,MT5_Tester,3879.6,50 000.00,80 209.02,1.33,3 713.60 (4.70%),2 566.96 (2.68%),45868,91736,35216 (76.78%),10652 (23.22%),322 709.03,-242 500.01,31.25,17.79,2 069.99,-3 693.60
L01_B11_lot01,MT5_Tester,6305.1,,,,,,,,,,,,,,,
O20_VD5_VB2_VC5_rp05,MT5_Tester2,3634.3,50 000.00,76 156.56,1.30,6 195.12 (5.02%),6 119.75 (4.92%),43938,87876,35251 (80.23%),8687 (19.77%),328 978.37,-252 821.81,12.44,14.07,2 424.59,-6 121.11
L02_B11_lot02,MT5_Tester2,7569.7,,,,,,,,,,,,,,,
L04_B11_lot05,MT5_Tester3,14401.3,,,,,,,,,,,,,,,
L05_B09_lot01,MT5_Tester,14402.2,,,,,,,,,,,,,,,
L03_B11_lot03,MT5_Tester3,14400.1,,,,,,,,,,,,,,,
L02_B11_lot02,MT5_Tester2,14401.1,,,,,,,,,,,,,,,
L01_B11_lot01,MT5_Tester,14401.3,,,,,,,,,,,,,,,
L06_B09_lot02,MT5_Tester2,14400.3,,,,,,,,,,,,,,,
L07_B09_lot03,MT5_Tester3,14401.8,,,,,,,,,,,,,,,
L08_B05_lot01,MT5_Tester,14401.2,,,,,,,,,,,,,,,
L04_B11_lot05,MT5_Tester3,14400.1,,,,,,,,,,,,,,,
L06_B09_lot02,MT5_Tester,14401.6,,,,,,,,,,,,,,,
L05_B09_lot01,MT5_Tester2,14403.5,,,,,,,,,,,,,,,
L09_B05_lot02,MT5_Tester2,14401.9,,,,,,,,,,,,,,,
LV01_N11_live,MT5_Tester3,6519.3,,,,,,,,,,,,,,,
L07_B09_lot03,MT5_Tester3,4208.4,,,,,,,,,,,,,,,
LV02_B09_live,MT5_Tester,6582.7,,,,,,,,,,,,,,,
L08_B05_lot01,MT5_Tester,5419.4,,,,,,,,,,,,,,,
LV01_N11_live,MT5_Tester3,5173.1,,,,,,,,,,,,,,,
LV04_B20_live,MT5_Tester3,5234.9,,,,,,,,,,,,,,,
LV05_B05_live,MT5_Tester,5048.5,50 000.00,72 275.68,1.20,24 734.31 (20.30%),20 827.20 (17.51%),38438,76876,34803 (90.54%),3635 (9.46%),432 300.20,-360 024.52,3.47,5.28,3 922.00,-5 051.72
LV02_B09_live,MT5_Tester,5046.6,,,,,,,,,,,,,,,
LV06_N11_lot03,MT5_Tester3,4867.7,,,,,,,,,,,,,,,
LV03_B11_live,MT5_Tester3,4925.8,,,,,,,,,,,,,,,
L09_B05_lot02,MT5_Tester2,14402.2,,,,,,,,,,,,,,,
LV03_B11_live,MT5_Tester2,14400.8,,,,,,,,,,,,,,,
LV07_B11_lot02,MT5_Tester,4427.3,50 000.00,73 614.91,1.35,3 121.33 (3.45%),620.80 (0.66%),19544,39088,15752 (80.60%),3792 (19.40%),286 112.37,-212 497.46,118.58,24.43,2 322.43,-2 781.83
LV04_B20_live,MT5_Tester,5843.0,,,,,,,,,,,,,,,
SD_p_hv_feb26_VD10,MT5_Tester,2388.6,50 000.00,304 989.50,1.64,10 256.54 (2.83%),7 983.17 (2.20%),105713,211426,86715 (82.03%),18998 (17.97%),780 436.19,-475 446.69,38.20,53.10,6 508.88,-10 040.40
LV06_N11_lot03,MT5_Tester2,4812.0,,,,,,,,,,,,,,,
LV05_B05_live,MT5_Tester3,4965.6,50 000.00,72 275.68,1.20,24 734.31 (20.30%),20 827.20 (17.51%),38438,76876,34803 (90.54%),3635 (9.46%),432 300.20,-360 024.52,3.47,5.28,3 922.00,-5 051.72
TICK_N11_demo,MT5_Tester,3962.7,,,,,,,,,,,,,,,
TK_feb26_H3_sp10_VD5,MT5_Tester3,48.8,0,0,0.00,0 (0%),0 (0%),0,0,0 (0.00%),0 (0.00%),0,0,0.00,0.00,0,0
TK_feb26_H1_noVD,MT5_Tester,163.4,50 000.00,-10 016.06,0.35,14 019.32 (25.96%),10 016.06 (20.03%),492,984,419 (85.16%),73 (14.84%),5 368.32,-15 384.38,-1.00,-5.00,1 057.40,-1 633.80
TK_feb26_H2_VD20,MT5_Tester2,167.5,50 000.00,-10 008.12,0.31,10 833.44 (21.44%),10 008.12 (20.02%),507,1014,423 (83.43%),84 (16.57%),4 583.78,-14 591.90,-1.00,-5.00,303.06,-201.16
TK_feb26_H4_sp10_VC5,MT5_Tester3,250.1,50 000.00,-10 002.54,0.62,10 732.50 (21.16%),10 002.54 (20.01%),663,1326,492 (74.21%),171 (25.79%),16 285.58,-26 288.12,-1.00,-5.00,955.52,-2 077.36
TK_feb26_H6_VA005_VD5,MT5_Tester2,3502.7,50 000.00,-8 120.59,0.82,8 141.67 (16.28%),8 120.59 (16.24%),4427,8854,3551 (80.21%),876 (19.79%),35 786.23,-43 906.82,-1.00,-5.00,63.41,-95.07
TK_feb26_H8_rp025_noVD,MT5_Tester2,102.5,50 000.00,-10 031.56,0.36,11 612.32 (22.52%),10 031.56 (20.06%),505,1010,420 (83.17%),85 (16.83%),5 710.26,-15 741.82,-1.00,-5.00,502.80,-2 419.56
TK_feb26_H7_FULL_def,MT5_Tester3,3502.1,50 000.00,-4 221.66,0.86,4 303.63 (8.60%),4 298.20 (8.60%),2926,5852,2620 (89.54%),306 (10.46%),26 439.73,-30 661.39,-0.98,-5.00,73.41,-135.03
TK_mar26_H1_noVD,MT5_Tester2,480.9,50 000.00,-10 001.77,0.56,17 655.00 (30.62%),13 240.42 (24.87%),1003,2006,884 (88.14%),119 (11.86%),12 712.10,-22 713.87,-0.76,-5.00,1 128.12,-2 065.80
TK_mar26_H2_VD20,MT5_Tester3,527.0,50 000.00,-10 000.63,0.58,13 817.79 (25.68%),11 227.64 (21.92%),1360,2720,1228 (90.29%),132 (9.71%),13 643.92,-23 644.55,-0.89,-5.00,1 050.30,-3 583.36
TK_feb26_H5_sp20_VD5,MT5_Tester,4286.0,50 000.00,-1 925.13,0.94,3 309.04 (6.58%),3 416.08 (6.83%),990,1980,815 (82.32%),175 (17.68%),32 638.31,-34 563.44,-0.56,-2.44,73.45,-210.03
TK_mar26_H4_sp10_VC5,MT5_Tester3,3593.4,50 000.00,-10 003.84,0.84,14 460.22 (26.56%),12 752.43 (24.18%),2098,4196,1695 (80.79%),403 (19.21%),53 023.38,-63 027.22,-0.78,-5.00,1 022.40,-2 105.28
TK_mar26_H3_sp10_VD5,MT5_Tester2,4908.9,50 000.00,-7 028.65,0.89,7 904.21 (15.68%),7 980.24 (15.87%),3422,6844,2790 (81.53%),632 (18.47%),55 895.31,-62 923.96,-0.88,-5.00,41.71,-124.32
TK_mar26_H5_sp20_VD5,MT5_Tester,5211.2,50 000.00,-3 309.44,0.90,5 749.96 (11.10%),5 860.26 (11.37%),942,1884,769 (81.63%),173 (18.37%),30 760.46,-34 069.90,-0.56,-4.16,61.73,-224.04
TK_mar26_H8_rp025_noVD,MT5_Tester,771.7,50 000.00,-10 008.55,0.63,15 782.40 (28.30%),12 816.42 (24.27%),1362,2724,1161 (85.24%),201 (14.76%),16 689.03,-26 697.58,-0.78,-5.00,546.80,-1 527.12
TK_mar26_H6_VA005_VD5,MT5_Tester3,4782.7,50 000.00,-6 964.67,0.83,7 379.83 (14.69%),7 366.97 (14.67%),4246,8492,3419 (80.52%),827 (19.48%),34 385.23,-41 349.90,-0.95,-5.00,41.79,-84.04
TK_mar26_H7_FULL_def,MT5_Tester2,5017.9,50 000.00,-6 652.86,0.79,6 754.54 (13.49%),6 711.74 (13.42%),2759,5518,2446 (88.66%),313 (11.34%),24 594.22,-31 247.08,-0.99,-5.00,41.71,-107.32
TK_nov24_H1_noVD,MT5_Tester,4470.6,50 000.00,-137.13,0.98,4 218.72 (7.80%),6 305.79 (12.50%),530,1060,450 (84.91%),80 (15.09%),5 921.03,-6 058.16,-0.02,-0.13,1 030.50,-750.90
TK_nov24_H2_VD20,MT5_Tester3,4558.9,50 000.00,-4 618.25,0.55,5 499.62 (10.81%),6 425.32 (12.74%),545,1090,472 (86.61%),73 (13.39%),5 592.25,-10 210.50,-0.72,-5.00,993.09,-210.41
TK_nov24_H3_sp10_VD5,MT5_Tester2,4241.3,50 000.00,-1 654.10,0.60,2 080.85 (4.14%),2 263.84 (4.51%),173,346,128 (73.99%),45 (26.01%),2 517.07,-4 171.17,-0.73,-5.00,21.88,-106.81
TK_nov24_H4_sp10_VC5,MT5_Tester,4366.6,50 000.00,-3 772.83,0.53,5 792.00 (11.35%),5 503.72 (10.96%),174,348,119 (68.39%),55 (31.61%),4 248.55,-8 021.38,-0.69,-5.00,924.44,-1 972.19
TK_nov24_H5_sp20_VD5,MT5_Tester3,4329.6,50 000.00,-932.84,0.61,1 389.15 (2.76%),1 558.10 (3.11%),53,106,38 (71.70%),15 (28.30%),1 451.01,-2 383.85,-0.60,-5.00,42.98,-210.45
TK_nov24_H6_VA005_VD5,MT5_Tester2,3792.3,50 000.00,-241.36,0.86,509.50 (1.02%),495.31 (0.99%),192,384,156 (81.25%),36 (18.75%),1 542.30,-1 783.66,-0.49,-5.00,11.84,-55.30
TK_nov24_H7_FULL_def,MT5_Tester,3899.8,50 000.00,-526.18,0.70,698.74 (1.39%),707.25 (1.41%),143,286,123 (86.01%),20 (13.99%),1 210.31,-1 736.49,-0.74,-5.00,11.84,-106.83
TK_oct25_H1_noVD,MT5_Tester2,4225.5,50 000.00,-10 001.20,0.52,16 565.61 (29.29%),10 961.50 (21.51%),882,1764,790 (89.57%),92 (10.43%),10 677.45,-20 678.65,-0.91,-5.00,1 093.15,-1 551.62
TK_nov24_H8_rp025_noVD,MT5_Tester3,5105.1,50 000.00,-447.78,0.94,3 060.01 (5.82%),4 476.75 (8.87%),553,1106,454 (82.10%),99 (17.90%),6 704.67,-7 152.45,-0.10,-0.52,518.76,-1 765.78
TK_oct25_H2_VD20,MT5_Tester,5698.7,50 000.00,-10 000.74,0.67,11 784.84 (22.76%),10 961.04 (21.51%),2095,4190,1934 (92.32%),161 (7.68%),20 258.23,-30 258.97,-0.91,-5.00,987.22,-1 467.42
TK_oct25_H4_sp10_VC5,MT5_Tester3,5226.7,50 000.00,-10 001.04,0.63,11 852.40 (23.04%),10 599.34 (20.95%),714,1428,551 (77.17%),163 (22.83%),16 973.08,-26 974.12,-0.94,-5.00,968.92,-2 065.53
TK_oct25_H3_sp10_VD5,MT5_Tester2,7848.4,50 000.00,-2 729.00,0.89,3 854.58 (7.62%),3 935.53 (7.80%),1341,2682,1093 (81.51%),248 (18.49%),21 843.92,-24 572.92,-0.69,-5.00,37.33,-105.20
TK_oct25_H5_sp20_VD5,MT5_Tester,7898.6,50 000.00,-3 497.07,0.75,4 288.19 (8.50%),4 530.29 (9.01%),345,690,271 (78.55%),74 (21.45%),10 764.27,-14 261.34,-0.77,-5.00,43.06,-205.20
TK_oct25_H6_VA005_VD5,MT5_Tester3,5771.7,50 000.00,-365.77,0.97,620.15 (1.23%),597.79 (1.19%),1659,3318,1376 (82.94%),283 (17.06%),13 765.41,-14 131.18,-0.61,-2.25,12.91,-68.91
WT_feb26_W3_sp30tp30VD10,MT5_Tester3,6886.8,,,,,,,,,,,,,,,
TK_oct25_H7_FULL_def,MT5_Tester2,5075.6,50 000.00,-1 465.60,0.87,1 855.56 (3.69%),1 781.84 (3.56%),1090,2180,977 (89.63%),113 (10.37%),9 758.21,-11 223.81,-0.82,-5.00,12.91,-108.93
WT_feb26_W2_sp50tp50,MT5_Tester2,8580.1,,,,,,,,,,,,,,,
TK_oct25_H8_rp025_noVD,MT5_Tester,3586.7,50 000.00,-10 000.43,0.55,14 827.98 (27.04%),10 546.53 (20.87%),952,1904,805 (84.56%),147 (15.44%),12 341.05,-22 341.48,-0.95,-5.00,535.26,-1 275.80
ORIG_feb26,MT5_Tester,226.6,50 000.00,-10 003.54,0.48,18 308.56 (34.38%),10 003.54 (20.01%),502,1004,424 (84.46%),78 (15.54%),9 410.64,-19 414.18,-1.00,-5.00,5 052.06,-3 278.66
ORIG_mar26,MT5_Tester2,812.9,50 000.00,-10 002.73,0.67,28 067.28 (48.91%),11 367.38 (22.13%),979,1958,874 (89.27%),105 (10.73%),20 064.56,-30 067.29,-0.88,-5.00,10 670.40,-13 487.00
ORIG_nov24,MT5_Tester3,6039.0,50 000.00,-224.84,0.97,4 143.25 (7.68%),5 793.52 (11.49%),534,1068,449 (84.08%),85 (15.92%),6 497.06,-6 721.90,-0.04,-0.21,1 634.43,-583.68
WT_feb26_W2_sp50tp50,MT5_Tester2,6384.8,50 000.00,922.02,1.06,7 240.43 (12.45%),3 833.38 (7.40%),166,332,128 (77.11%),38 (22.89%),15 924.11,-15 002.09,0.24,0.63,1 081.56,-1 077.12
WT_feb26_W3_sp30tp30VD10,MT5_Tester3,6384.6,50 000.00,566.07,1.02,5 113.43 (9.18%),5 845.53 (11.24%),419,838,360 (85.92%),59 (14.08%),24 568.53,-24 002.46,0.10,0.33,1 039.02,-1 675.85
WT_feb26_W1_sp30tp30,MT5_Tester,6905.0,50 000.00,2 025.16,1.08,11 139.81 (17.64%),6 795.17 (11.64%),441,882,360 (81.63%),81 (18.37%),28 782.11,-26 756.95,0.30,0.86,1 211.60,-1 774.26
WT_feb26_W6_sp100tp100,MT5_Tester,4449.0,,,,,,,,,,,,,,,
WT_feb26_W4_sp15tp30,MT5_Tester2,7035.1,,,,,,,,,,,,,,,
WT_feb26_W5_sp10tp50,MT5_Tester3,7337.2,,,,,,,,,,,,,,,
