ts_ms,total_value,grid_alpha_net,grid_alpha_brut,mtm,recoloc_cost_cum,rebal_fees_cum,reloc_count,rebal_count
1776038460000,993.1096,-0.0053,-0.0053,-6.8851,0.0,0.0,0,0
1776042060000,996.4501,0.6205,0.6205,-4.1704,0.0,0.0,0,0
1776045660000,996.686,0.7076,0.7076,-4.0216,0.0,0.0,0,0
1776049260000,995.6173,0.7076,0.7076,-5.0903,0.0,0.0,0,0
1776052860000,995.7853,0.7076,0.7076,-4.9223,0.0,0.0,0,0
1776056460000,995.5181,0.7076,0.7076,-5.1894,0.0,0.0,0,0
1776060060000,995.7998,1.2264,1.2264,-5.4266,0.0,0.0,0,0
1776063660000,996.4496,1.3888,1.3888,-4.9392,0.0,0.0,0,0
1776067260000,995.6254,1.3179,1.3888,-5.7633,0.0709,0.0,1,0
1776070860000,995.6889,1.3179,1.3888,-5.6999,0.0709,0.0,1,0
1776074460000,994.83,1.4055,1.4764,-6.6464,0.0709,0.0,1,0
1776078060000,994.9211,1.4055,1.4764,-6.5554,0.0709,0.0,1,0
1776081660000,994.4523,1.4055,1.4764,-7.0242,0.0709,0.0,1,0
1776085260000,996.68,1.4861,1.557,-4.877,0.0709,0.0,1,0
1776088860000,998.4287,2.8461,2.917,-4.4883,0.0709,0.0,1,0
1776092460000,998.6883,3.9686,4.0987,-5.4104,0.13,0.0,2,0
1776096060000,997.2071,3.9686,4.0987,-6.8916,0.13,0.0,2,0
1776099660000,999.8608,4.4761,4.6061,-4.7454,0.13,0.0,2,0
1776103260000,999.9172,4.9748,5.1048,-5.1876,0.13,0.0,2,0
1776106860000,1001.0441,4.9748,5.1048,-4.0607,0.13,0.0,2,0
1776110460000,1003.648,6.0251,6.2048,-2.5568,0.1797,0.0,4,0
1776114060000,1002.9243,6.0251,6.2048,-3.2805,0.1797,0.0,4,0
1776117660000,1004.0244,6.0251,6.2048,-2.1804,0.1797,0.0,4,0
1776121260000,1008.3475,10.8741,11.1746,-2.8271,0.3005,0.0,7,0
1776124860000,1008.8129,12.3521,12.6846,-3.8717,0.3326,0.0,8,0
1776128460000,1007.0679,12.3521,12.6846,-5.6168,0.3326,0.0,8,0
1776132060000,1008.4819,12.3521,12.6846,-4.2027,0.3326,0.0,8,0
1776135660000,1008.6629,12.4347,12.7673,-4.1044,0.3326,0.0,8,0
1776139260000,1008.5257,12.4347,12.7673,-4.2416,0.3326,0.0,8,0
1776142860000,1008.3014,12.4347,12.7673,-4.4659,0.3326,0.0,8,0
1776146460000,1007.7425,12.4347,12.7673,-5.0247,0.3326,0.0,8,0
1776150060000,1009.6477,12.4347,12.7673,-3.1195,0.3326,0.0,8,0
1776153660000,1009.3832,13.2309,13.6109,-4.2277,0.3801,0.0,9,0
1776157260000,1011.2004,13.3958,13.7758,-2.5754,0.3801,0.0,9,0
1776160860000,1010.0868,13.3958,13.7758,-3.6891,0.3801,0.0,9,0
1776164460000,1008.8287,13.3958,13.7758,-4.9472,0.3801,0.0,9,0
1776168060000,1008.9832,13.5666,13.9467,-4.9635,0.3801,0.0,9,0
1776171660000,1009.503,13.5666,13.9467,-4.4437,0.3801,0.0,9,0
1776175260000,1013.5842,14.3741,14.7541,-1.1699,0.3801,0.0,9,0
1776178860000,1009.9971,15.1289,15.5449,-5.5478,0.4159,0.0,10,0
1776182460000,1012.3376,15.5558,15.9717,-3.6342,0.4159,0.0,10,0
1776186060000,1008.0788,15.5558,15.9717,-7.8929,0.4159,0.0,10,0
1776189660000,1009.3365,14.7077,15.1823,-5.8458,0.4746,0.0,11,0
1776193260000,1006.1374,13.4525,13.9658,-7.8285,0.5133,0.0,12,0
1776196860000,1006.3846,13.7238,14.2471,-7.8625,0.5233,0.0,13,0
1776200460000,1005.831,13.7238,14.2471,-8.4161,0.5233,0.0,13,0
1776204060000,1006.3623,13.7238,14.2471,-7.8848,0.5233,0.0,13,0
1776207660000,1005.3846,13.757,14.3281,-8.9435,0.571,0.0,14,0
1776211260000,1006.4596,13.9262,14.4972,-8.0375,0.571,0.0,14,0
1776214860000,1007.0772,13.8915,14.4625,-7.3853,0.571,0.0,14,0
1776218460000,1008.0886,14.0632,14.6342,-6.5456,0.571,0.0,14,0
1776222060000,1005.7766,14.0632,14.6342,-8.8576,0.571,0.0,14,0
1776225660000,1006.3719,14.0632,14.6342,-8.2624,0.571,0.0,14,0
1776229260000,1007.0484,14.0632,14.6342,-7.5858,0.571,0.0,14,0
1776232860000,1004.9825,14.0632,14.6342,-9.6518,0.571,0.0,14,0
1776236460000,1003.8177,14.0632,14.6342,-10.8165,0.571,0.0,14,0
1776240060000,1003.2263,14.0632,14.6342,-11.4079,0.571,0.0,14,0
1776243660000,1005.7076,14.2323,14.8033,-9.0958,0.571,0.0,14,0
1776247260000,1003.8449,14.2323,14.8033,-10.9585,0.571,0.0,14,0
1776250860000,1003.9688,14.4014,14.9724,-11.0036,0.571,0.0,14,0
1776254460000,1006.388,14.6616,15.2327,-8.8446,0.571,0.0,14,0
1776258060000,1006.3707,14.7433,15.3143,-8.9437,0.571,0.0,14,0
1776261660000,1006.5292,14.7433,15.3143,-8.7852,0.571,0.0,14,0
1776265260000,1007.047,14.9123,15.4833,-8.4364,0.571,0.0,14,0
1776268860000,1005.6763,14.9123,15.4833,-9.807,0.571,0.0,14,0
1776272460000,1006.5273,14.87,15.441,-8.9137,0.571,0.0,14,0
1776276060000,1006.249,14.9323,15.5033,-9.2543,0.571,0.0,14,0
1776279660000,1007.8183,15.0131,15.5841,-7.7658,0.571,0.0,14,0
1776283260000,1008.4106,15.2073,15.8103,-7.3997,0.603,0.0,15,0
1776286860000,1007.3126,15.2952,15.8982,-8.5857,0.603,0.0,15,0
1776290460000,1007.9613,15.2952,15.8982,-7.937,0.603,0.0,15,0
1776294060000,1008.7074,15.5466,16.1496,-7.4422,0.603,0.0,15,0
1776297660000,1010.105,15.7187,16.3218,-6.2168,0.603,0.0,15,0
1776301260000,1009.8505,15.7187,16.3218,-6.4713,0.603,0.0,15,0
1776304860000,1009.285,15.7187,16.3218,-7.0368,0.603,0.0,15,0
1776308460000,1010.1141,16.0581,16.6612,-6.5471,0.603,0.0,15,0
1776312060000,1009.9997,16.0581,16.6612,-6.6615,0.603,0.0,15,0
1776315660000,1010.6384,16.0581,16.6612,-6.0228,0.603,0.0,15,0
1776319260000,1010.4912,16.0581,16.6612,-6.17,0.603,0.0,15,0
1776322860000,1010.3967,16.0581,16.6612,-6.2645,0.603,0.0,15,0
1776326460000,1008.7001,16.0581,16.6612,-7.9611,0.603,0.0,15,0
1776330060000,1008.0958,16.0581,16.6612,-8.5654,0.603,0.0,15,0
1776333660000,1008.1549,16.146,16.7491,-8.5942,0.603,0.0,15,0
1776337260000,1007.5281,16.146,16.7491,-9.2209,0.603,0.0,15,0
1776340860000,1008.7396,16.146,16.7491,-8.0094,0.603,0.0,15,0
1776344460000,1008.866,16.2284,16.8314,-7.9654,0.603,0.0,15,0
1776348060000,1003.2824,14.9501,15.613,-12.3307,0.663,0.0,17,0
1776351660000,1004.0024,14.3144,15.0479,-11.0456,0.7335,0.0,18,0
1776355260000,1008.1491,14.5981,15.3316,-7.1825,0.7335,0.0,18,0
1776358860000,1005.4635,14.686,15.4195,-9.9561,0.7335,0.0,18,0
1776362460000,1006.9493,14.7666,15.5001,-8.5508,0.7335,0.0,18,0
1776366060000,1009.0684,15.5867,16.3417,-7.2733,0.755,0.0,19,0
1776369660000,1010.4162,15.9583,16.7132,-6.297,0.755,0.0,19,0
1776373260000,1009.647,15.9583,16.7132,-7.0662,0.755,0.0,19,0
1776376860000,1009.8202,15.9583,16.7132,-6.893,0.755,0.0,19,0
1776380460000,1009.4061,16.1284,16.8834,-7.4772,0.755,0.0,19,0
1776384060000,1009.5752,16.2088,16.9638,-7.3886,0.755,0.0,19,0
1776387660000,1009.3486,16.2088,16.9638,-7.6152,0.755,0.0,19,0
1776391260000,1008.543,16.2088,16.9638,-8.4208,0.755,0.0,19,0
1776394860000,1008.0954,16.2088,16.9638,-8.8684,0.755,0.0,19,0
1776398460000,1007.9317,16.2088,16.9638,-9.0321,0.755,0.0,19,0
1776402060000,1008.7429,16.379,17.1339,-8.391,0.755,0.0,19,0
1776405660000,1007.6982,16.379,17.1339,-9.4357,0.755,0.0,19,0
1776409260000,1008.9243,16.379,17.1339,-8.2096,0.755,0.0,19,0
1776412860000,1009.0515,16.4595,17.2144,-8.1629,0.755,0.0,19,0
1776416460000,1011.0115,16.8439,17.5988,-6.5874,0.755,0.0,19,0
1776420060000,1011.0086,17.2408,18.0562,-7.0476,0.8153,0.0,20,0
1776423660000,1008.8606,17.2408,18.0562,-9.1955,0.8153,0.0,20,0
1776427260000,1010.392,17.3212,18.1366,-7.7446,0.8153,0.0,20,0
1776430860000,1013.7613,18.0738,18.8891,-5.1278,0.8153,0.0,20,0
1776434460000,1019.1324,21.8026,22.7214,-3.589,0.9188,0.0,22,0
1776438060000,1019.242,21.9824,22.9819,-3.7399,0.9995,0.0,24,0
1776441660000,1019.4223,22.1552,23.1547,-3.7324,0.9995,0.0,24,0
1776445260000,1019.8612,22.5992,23.5987,-3.7376,0.9995,0.0,24,0
1776448860000,1018.5077,22.6894,23.689,-5.1813,0.9995,0.0,24,0
1776452460000,1017.2339,22.6894,23.689,-6.4551,0.9995,0.0,24,0
1776456060000,1018.0893,22.7797,23.7792,-5.69,0.9995,0.0,24,0
1776459660000,1017.0084,22.8625,23.862,-6.8537,0.9995,0.0,24,0
1776463260000,1017.1734,22.9453,23.9448,-6.7715,0.9995,0.0,24,0
1776466860000,1017.0638,23.0285,24.028,-6.9642,0.9995,0.0,24,0
1776470460000,1016.4795,23.0285,24.028,-7.5485,0.9995,0.0,24,0
1776474060000,1016.2381,23.0285,24.028,-7.7899,0.9995,0.0,24,0
1776477660000,1016.1442,23.0285,24.028,-7.8838,0.9995,0.0,24,0
1776481260000,1016.2113,23.0285,24.028,-7.8167,0.9995,0.0,24,0
1776484860000,1014.6248,23.0285,24.028,-9.4033,0.9995,0.0,24,0
1776488460000,1015.1053,23.0285,24.028,-8.9228,0.9995,0.0,24,0
1776492060000,1015.2258,23.0285,24.028,-8.8022,0.9995,0.0,24,0
1776495660000,1015.1176,23.0285,24.028,-8.9105,0.9995,0.0,24,0
1776499260000,1014.1315,23.0285,24.028,-9.8965,0.9995,0.0,24,0
1776502860000,1011.0783,21.4367,22.4752,-11.3968,1.0384,0.0,25,0
1776506460000,1010.6012,21.4367,22.4752,-11.8739,1.0384,0.0,25,0
1776510060000,1008.2648,21.4367,22.4752,-14.2103,1.0384,0.0,25,0
1776513660000,1007.7514,20.0796,21.1653,-13.4139,1.0857,0.0,26,0
1776517260000,1007.6737,20.1685,21.2542,-13.5805,1.0857,0.0,26,0
1776520860000,1007.7707,20.1685,21.2542,-13.4836,1.0857,0.0,26,0
1776524460000,1008.9328,20.3388,21.4245,-12.4916,1.0857,0.0,26,0
1776528060000,1007.7213,20.3388,21.4245,-13.7032,1.0857,0.0,26,0
1776531660000,1007.4421,20.3388,21.4245,-13.9824,1.0857,0.0,26,0
1776535260000,1007.0189,20.3388,21.4245,-14.4055,1.0857,0.0,26,0
1776538860000,1005.8933,19.6559,20.7515,-14.8582,1.0956,0.0,27,0
1776542460000,1005.4155,19.6559,20.7515,-15.336,1.0956,0.0,27,0
1776546060000,1006.6635,19.6559,20.7515,-14.0879,1.0956,0.0,27,0
1776549660000,1006.4086,19.6559,20.7515,-14.3428,1.0956,0.0,27,0
1776553260000,1006.7334,19.6559,20.7515,-14.0181,1.0956,0.0,27,0
1776556860000,1005.4697,19.7449,20.8406,-15.3708,1.0956,0.0,27,0
1776560460000,1005.3425,18.7722,19.9144,-14.5719,1.1422,0.0,28,0
1776564060000,1004.6852,18.7722,19.9144,-15.2291,1.1422,0.0,28,0
1776567660000,1003.9209,18.7722,19.9144,-15.9935,1.1422,0.0,28,0
1776571260000,1004.4256,18.4083,19.5506,-15.125,1.1422,0.0,28,0
1776574860000,1004.3582,18.4083,19.5506,-15.1923,1.1422,0.0,28,0
1776578460000,1003.5061,18.4083,19.5506,-16.0445,1.1422,0.0,28,0
1776582060000,1002.8834,18.4083,19.5506,-16.6672,1.1422,0.0,28,0
1776585660000,1001.6547,16.6137,17.7864,-16.1317,1.1727,0.0,29,0
1776589260000,1001.8988,16.6137,17.7864,-15.8876,1.1727,0.0,29,0
1776592860000,1000.277,16.6137,17.7864,-17.5094,1.1727,0.0,29,0
1776596460000,1001.9003,16.6137,17.7864,-15.8861,1.1727,0.0,29,0
1776600060000,1003.8038,16.8654,18.0381,-14.2343,1.1727,0.0,29,0
1776603660000,1004.4855,16.8654,18.0381,-13.5526,1.1727,0.0,29,0
1776607260000,1006.1084,16.5846,17.7573,-11.6489,1.1727,0.0,29,0
1776610860000,1005.8159,16.7469,17.9196,-12.1037,1.1727,0.0,29,0
1776614460000,1005.2602,16.7469,17.9196,-12.6594,1.1727,0.0,29,0
1776618060000,1002.8637,16.7469,17.9196,-15.0559,1.1727,0.0,29,0
1776621660000,1001.0042,16.8268,17.9995,-16.9953,1.1727,0.0,29,0
1776625260000,1001.1921,16.8268,17.9995,-16.8073,1.1727,0.0,29,0
1776628860000,1000.4516,16.8268,17.9995,-17.5479,1.1727,0.0,29,0
1776632460000,998.8198,16.8268,17.9995,-19.1796,1.1727,0.0,29,0
1776636060000,995.6529,14.0421,15.2732,-19.6203,1.2311,0.0,30,0
1776639660000,994.3458,10.2299,11.5086,-17.1628,1.2787,0.0,32,0
1776643260000,992.9195,10.2299,11.5086,-18.5891,1.2787,0.0,32,0
1776646860000,996.6806,10.1288,11.4075,-14.7269,1.2787,0.0,32,0
1776650460000,998.1439,9.8844,11.163,-13.0191,1.2787,0.0,32,0
1776654060000,997.2845,9.8844,11.163,-13.8786,1.2787,0.0,32,0
1776657660000,998.012,9.8844,11.163,-13.151,1.2787,0.0,32,0
1776661260000,997.625,9.8844,11.163,-13.538,1.2787,0.0,32,0
1776664860000,996.7212,9.8844,11.163,-14.4418,1.2787,0.0,32,0
1776668460000,998.798,10.0504,11.3291,-12.5311,1.2787,0.0,32,0
1776672060000,998.299,9.0622,10.3796,-12.0806,1.3174,0.0,33,0
1776675660000,998.3889,9.0622,10.3796,-11.9907,1.3174,0.0,33,0
1776679260000,999.687,9.0622,10.3796,-10.6926,1.3174,0.0,33,0
1776682860000,999.2193,9.2289,10.5463,-11.327,1.3174,0.0,33,0
1776686460000,1000.0113,9.2289,10.5463,-10.535,1.3174,0.0,33,0
1776690060000,1000.7171,9.1616,10.479,-9.7619,1.3174,0.0,33,0
1776693660000,1000.5269,9.2491,10.5665,-10.0396,1.3174,0.0,33,0
1776697260000,999.4085,9.1635,10.4809,-11.0724,1.3174,0.0,33,0
1776700860000,1001.5915,9.5786,10.896,-9.3045,1.3174,0.0,33,0
1776704460000,1001.0812,9.5786,10.896,-9.8147,1.3174,0.0,33,0
1776708060000,1002.945,9.636,11.0103,-8.0652,1.3743,0.0,35,0
1776711660000,1004.1321,10.0206,11.3949,-7.2628,1.3743,0.0,35,0
1776715260000,1003.5018,10.0206,11.3949,-7.8931,1.3743,0.0,35,0
1776718860000,1004.1773,10.1516,11.5258,-7.3486,1.3743,0.0,35,0
1776722460000,1003.8561,10.2306,11.6049,-7.7487,1.3743,0.0,35,0
1776726060000,1002.683,10.2306,11.6049,-8.9219,1.3743,0.0,35,0
1776729660000,1002.747,10.2306,11.6049,-8.8578,1.3743,0.0,35,0
1776733260000,1003.4451,10.2306,11.6049,-8.1598,1.3743,0.0,35,0
1776736860000,1002.2806,10.3192,11.6935,-9.4129,1.3743,0.0,35,0
1776740460000,1001.5536,10.3192,11.6935,-10.1399,1.3743,0.0,35,0
1776744060000,1001.9098,10.3192,11.6935,-9.7837,1.3743,0.0,35,0
1776747660000,1002.075,10.3984,11.7727,-9.6977,1.3743,0.0,35,0
1776751260000,1001.8224,10.3984,11.7727,-9.9503,1.3743,0.0,35,0
1776754860000,1002.1775,10.3984,11.7727,-9.5952,1.3743,0.0,35,0
1776758460000,1003.0378,10.4871,11.8614,-8.8235,1.3743,0.0,35,0
1776762060000,1003.8536,10.9808,12.3551,-8.5015,1.3743,0.0,35,0
1776765660000,1003.9668,10.9808,12.3551,-8.3883,1.3743,0.0,35,0
1776769260000,1004.6735,11.0693,12.4435,-7.77,1.3743,0.0,35,0
1776772860000,1004.3995,11.0693,12.4435,-8.044,1.3743,0.0,35,0
1776776460000,1002.7452,11.0693,12.4435,-9.6984,1.3743,0.0,35,0
1776780060000,1002.7126,11.407,12.7812,-10.0687,1.3743,0.0,35,0
1776783660000,1000.4512,11.7524,13.1267,-12.6755,1.3743,0.0,35,0
1776787260000,1002.3811,11.9204,13.2946,-10.9136,1.3743,0.0,35,0
1776790860000,1000.3226,10.6665,12.0869,-11.7642,1.4204,0.0,36,0
1776794460000,1000.0401,11.0026,12.423,-12.383,1.4204,0.0,36,0
1776798060000,1000.5961,11.0818,12.5023,-11.9062,1.4204,0.0,36,0
1776801660000,996.9949,11.2497,12.6701,-15.6752,1.4204,0.0,36,0
1776805260000,1001.8718,11.7583,13.1787,-11.3069,1.4204,0.0,36,0
1776808860000,1001.3763,11.7583,13.1787,-11.8024,1.4204,0.0,36,0
1776812460000,1001.9706,11.9273,13.3477,-11.3771,1.4204,0.0,36,0
1776816060000,1004.653,12.2663,13.6867,-9.0337,1.4204,0.0,36,0
1776819660000,1004.8163,12.2663,13.6867,-8.8705,1.4204,0.0,36,0
1776823260000,1005.0307,11.9263,13.3467,-8.316,1.4204,0.0,36,0
1776826860000,1007.8526,13.6415,15.1226,-7.2699,1.4811,0.0,37,0
1776830460000,1007.8768,13.8202,15.3013,-7.4245,1.4811,0.0,37,0
1776834060000,1007.4537,13.8202,15.3013,-7.8476,1.4811,0.0,37,0
1776837660000,1009.4908,14.8383,16.3588,-6.868,1.5205,0.0,38,0
1776841260000,1009.8066,14.8383,16.3588,-6.5522,1.5205,0.0,38,0
1776844860000,1009.8579,14.8383,16.3588,-6.501,1.5205,0.0,38,0
1776848460000,1009.3691,14.8383,16.3588,-6.9897,1.5205,0.0,38,0
1776852060000,1009.3504,15.1189,16.6609,-7.3105,1.542,0.0,39,0
1776855660000,1009.6685,15.1189,16.6609,-6.9924,1.542,0.0,39,0
1776859260000,1009.8577,15.1189,16.6609,-6.8032,1.542,0.0,39,0
1776862860000,1009.7545,15.1189,16.6609,-6.9064,1.542,0.0,39,0
1776866460000,1011.5768,16.0227,17.5647,-5.9879,1.542,0.0,39,0
1776870060000,1010.3851,16.3262,17.8682,-7.4831,1.542,0.0,39,0
1776873660000,1010.6772,16.9405,18.5311,-7.8539,1.5907,0.0,40,0
1776877260000,1009.6741,17.0309,18.6216,-8.9475,1.5907,0.0,40,0
1776880860000,1010.2991,17.0309,18.6216,-8.3225,1.5907,0.0,40,0
1776884460000,1009.5416,17.1215,18.7121,-9.1705,1.5907,0.0,40,0
1776888060000,1009.79,17.1215,18.7121,-8.9221,1.5907,0.0,40,0
1776891660000,1008.5935,17.1215,18.7121,-10.1187,1.5907,0.0,40,0
1776895260000,1010.2804,17.1215,18.7121,-8.4318,1.5907,0.0,40,0
1776898860000,1008.2205,17.1215,18.7121,-10.4916,1.5907,0.0,40,0
1776902460000,1006.6547,17.1215,18.7121,-12.0574,1.5907,0.0,40,0
1776906060000,1007.6612,16.8029,18.4037,-10.7425,1.6008,0.0,41,0
1776909660000,1006.0902,16.8029,18.4037,-12.3136,1.6008,0.0,41,0
1776913260000,1003.5033,16.8029,18.4037,-14.9004,1.6008,0.0,41,0
1776916860000,1001.6785,15.5295,17.1777,-15.4992,1.6482,0.0,42,0
1776920460000,1003.3111,15.3546,17.0029,-13.6918,1.6482,0.0,42,0
1776924060000,1003.8755,15.3546,17.0029,-13.1274,1.6482,0.0,42,0
1776927660000,1004.0297,15.2124,16.8606,-12.8309,1.6482,0.0,42,0
1776931260000,1003.7358,15.2124,16.8606,-13.1248,1.6482,0.0,42,0
1776934860000,1002.2859,15.2124,16.8606,-14.5748,1.6482,0.0,42,0
1776938460000,1000.4717,13.9442,15.6225,-15.1508,1.6783,0.0,43,0
1776942060000,1000.0956,13.9442,15.6225,-15.5269,1.6783,0.0,43,0
1776945660000,1003.2855,14.3617,16.04,-12.7545,1.6783,0.0,43,0
1776949260000,1003.305,14.4509,16.1292,-12.8242,1.6783,0.0,43,0
1776952860000,1001.792,14.4509,16.1292,-14.3372,1.6783,0.0,43,0
1776956460000,1004.1519,14.6292,16.3075,-12.1556,1.6783,0.0,43,0
1776960060000,1004.4755,14.5041,16.1824,-11.7069,1.6783,0.0,43,0
1776963660000,1003.3048,14.5041,16.1824,-12.8776,1.6783,0.0,43,0
1776967260000,1002.8621,15.093,16.7714,-13.9093,1.6783,0.0,43,0
1776970860000,1001.3742,15.1821,16.8605,-15.4863,1.6783,0.0,43,0
1776974460000,1002.2196,15.1821,16.8605,-14.6408,1.6783,0.0,43,0
1776978060000,1002.6101,15.2615,16.9398,-14.3297,1.6783,0.0,43,0
1776981660000,1003.4491,15.2615,16.9398,-13.4907,1.6783,0.0,43,0
1776985260000,1003.8993,15.4327,17.1111,-13.2117,1.6783,0.0,43,0
1776988860000,1004.1131,15.4327,17.1111,-12.998,1.6783,0.0,43,0
1776992460000,1004.077,15.4327,17.1111,-13.0341,1.6783,0.0,43,0
1776996060000,1004.482,15.4327,17.1111,-12.6291,1.6783,0.0,43,0
1776999660000,1002.3866,15.5217,17.2,-14.8135,1.6783,0.0,43,0
1777003260000,1000.8009,15.5217,17.2,-16.3992,1.6783,0.0,43,0
1777006860000,1000.8627,15.5217,17.2,-16.3373,1.6783,0.0,43,0
1777010460000,1002.5205,15.7706,17.4489,-14.9284,1.6783,0.0,43,0
1777014060000,1001.4898,15.7706,17.4489,-15.9591,1.6783,0.0,43,0
1777017660000,1001.7895,15.7706,17.4489,-15.6594,1.6783,0.0,43,0
1777021260000,1002.3582,15.7706,17.4489,-15.0907,1.6783,0.0,43,0
1777024860000,1001.2488,15.7706,17.4489,-16.2001,1.6783,0.0,43,0
1777028460000,1002.8752,15.8598,17.5381,-14.6629,1.6783,0.0,43,0
1777032060000,1005.3147,16.2796,17.9579,-12.6432,1.6783,0.0,43,0
1777035660000,1005.1298,16.2796,17.9579,-12.8281,1.6783,0.0,43,0
1777039260000,1004.4687,16.2796,17.9579,-13.4892,1.6783,0.0,43,0
1777042860000,1004.7946,16.4485,18.1269,-13.3323,1.6783,0.0,43,0
1777046460000,1005.6641,16.617,18.2953,-12.6312,1.6783,0.0,43,0
1777050060000,1005.2652,16.617,18.2953,-13.0301,1.6783,0.0,43,0
1777053660000,1005.1911,16.617,18.2953,-13.1042,1.6783,0.0,43,0
1777057260000,1005.5837,16.617,18.2953,-12.7116,1.6783,0.0,43,0
1777060860000,1004.8411,16.617,18.2953,-13.4542,1.6783,0.0,43,0
1777064460000,1005.0516,16.617,18.2953,-13.2437,1.6783,0.0,43,0
1777068060000,1004.1523,16.617,18.2953,-14.143,1.6783,0.0,43,0
1777071660000,1003.8258,16.617,18.2953,-14.4695,1.6783,0.0,43,0
1777075260000,1003.9988,16.617,18.2953,-14.2965,1.6783,0.0,43,0
1777078860000,1004.2028,16.617,18.2953,-14.0925,1.6783,0.0,43,0
1777082460000,1004.4257,16.617,18.2953,-13.8696,1.6783,0.0,43,0
1777086060000,1004.4961,16.617,18.2953,-13.7992,1.6783,0.0,43,0
1777089660000,1004.702,16.617,18.2953,-13.5933,1.6783,0.0,43,0
1777093260000,1004.3985,16.617,18.2953,-13.8968,1.6783,0.0,43,0
1777096860000,1004.3571,16.617,18.2953,-13.9382,1.6783,0.0,43,0
1777100460000,1004.214,16.617,18.2953,-14.0813,1.6783,0.0,43,0
1777104060000,1004.1776,16.617,18.2953,-14.1177,1.6783,0.0,43,0
1777107660000,1004.8316,16.617,18.2953,-13.4637,1.6783,0.0,43,0
1777111260000,1005.2015,16.617,18.2953,-13.0938,1.6783,0.0,43,0
1777114860000,1005.1487,16.7062,18.3845,-13.2358,1.6783,0.0,43,0
1777118460000,1004.5941,16.7062,18.3845,-13.7904,1.6783,0.0,43,0
1777122060000,1004.4068,16.7062,18.3845,-13.9777,1.6783,0.0,43,0
1777125660000,1004.8369,16.7062,18.3845,-13.5476,1.6783,0.0,43,0
1777129260000,1004.6395,16.7062,18.3845,-13.745,1.6783,0.0,43,0
1777132860000,1003.7563,16.7062,18.3845,-14.6282,1.6783,0.0,43,0
1777136460000,1003.4267,16.7062,18.3845,-14.9578,1.6783,0.0,43,0
1777140060000,1003.3961,16.7062,18.3845,-14.9884,1.6783,0.0,43,0
1777143660000,1003.3604,16.7062,18.3845,-15.0241,1.6783,0.0,43,0
1777147260000,1003.2982,16.7062,18.3845,-15.0863,1.6783,0.0,43,0
1777150860000,1003.8922,16.7062,18.3845,-14.4923,1.6783,0.0,43,0
1777154460000,1003.9661,16.7062,18.3845,-14.4184,1.6783,0.0,43,0
1777158060000,1004.1785,16.7062,18.3845,-14.206,1.6783,0.0,43,0
1777161660000,1004.0837,16.7062,18.3845,-14.3008,1.6783,0.0,43,0
1777165260000,1003.7465,16.7062,18.3845,-14.638,1.6783,0.0,43,0
1777168860000,1003.7345,16.7062,18.3845,-14.65,1.6783,0.0,43,0
1777172460000,1003.868,16.7062,18.3845,-14.5165,1.6783,0.0,43,0
1777176060000,1003.3459,16.7062,18.3845,-15.0386,1.6783,0.0,43,0
1777179660000,1004.6425,16.7954,18.4737,-13.8312,1.6783,0.0,43,0
1777183260000,1005.6314,16.9638,18.6421,-13.0107,1.6783,0.0,43,0
1777186860000,1005.6345,16.9638,18.6421,-13.0077,1.6783,0.0,43,0
1777190460000,1005.9956,16.9638,18.6421,-12.6465,1.6783,0.0,43,0
1777194060000,1005.8461,16.9638,18.6421,-12.7961,1.6783,0.0,43,0
1777197660000,1005.7632,16.9638,18.6421,-12.879,1.6783,0.0,43,0
1777201260000,1005.9453,16.9638,18.6421,-12.6968,1.6783,0.0,43,0
1777204860000,1006.1612,16.9638,18.6421,-12.4809,1.6783,0.0,43,0
1777208460000,1005.5153,16.9638,18.6421,-13.1268,1.6783,0.0,43,0
1777212060000,1005.956,16.9638,18.6421,-12.6862,1.6783,0.0,43,0
1777215660000,1007.07,17.1321,18.8105,-11.7405,1.6783,0.0,43,0
1777219260000,1006.8819,17.1321,18.8105,-11.9286,1.6783,0.0,43,0
1777222860000,1006.4744,17.1321,18.8105,-12.3361,1.6783,0.0,43,0
1777226460000,1007.2055,17.1321,18.8105,-11.6049,1.6783,0.0,43,0
1777230060000,1007.9266,17.1308,18.8091,-10.8825,1.6783,0.0,43,0
1777233660000,1008.2116,17.1422,18.8206,-10.609,1.6783,0.0,43,0
1777237260000,1007.7896,17.1422,18.8206,-11.031,1.6783,0.0,43,0
1777240860000,1008.0054,17.3156,18.9939,-10.9885,1.6783,0.0,43,0
1777244460000,1006.7343,17.4767,19.1551,-12.4207,1.6783,0.0,43,0
1777248060000,1007.4219,17.7336,19.412,-11.99,1.6783,0.0,43,0
1777251660000,1010.5363,18.1698,19.9407,-9.4044,1.7708,0.0,45,0
1777255260000,1010.0071,18.4196,20.1904,-10.1833,1.7708,0.0,45,0
1777258860000,1010.4964,18.4196,20.1904,-9.694,1.7708,0.0,45,0
1777262460000,1010.9785,18.5885,20.3594,-9.3808,1.7708,0.0,45,0
1777266060000,1009.6143,18.5885,20.3594,-10.745,1.7708,0.0,45,0
1777269660000,1003.1992,15.834,17.6704,-14.4712,1.8364,0.0,47,0
1777273260000,1003.0908,15.58,17.4164,-14.3257,1.8364,0.0,47,0
1777276860000,1002.373,15.58,17.4164,-15.0435,1.8364,0.0,47,0
1777280460000,1002.83,15.58,17.4164,-14.5865,1.8364,0.0,47,0
1777284060000,1002.9751,15.58,17.4164,-14.4414,1.8364,0.0,47,0
1777287660000,1002.7303,15.58,17.4164,-14.6861,1.8364,0.0,47,0
1777291260000,1002.3649,15.58,17.4164,-15.0516,1.8364,0.0,47,0
1777294860000,1001.5434,15.58,17.4164,-15.873,1.8364,0.0,47,0
1777298460000,1001.8034,15.58,17.4164,-15.613,1.8364,0.0,47,0
1777302060000,1001.0653,15.5104,17.3468,-16.2816,1.8364,0.0,47,0
1777305660000,996.0398,14.7243,16.5705,-20.5307,1.8462,0.0,48,0
1777309260000,997.0445,14.7243,16.5705,-19.526,1.8462,0.0,48,0
1777312860000,997.9754,14.5934,16.4396,-18.4641,1.8462,0.0,48,0
1777316460000,998.1434,14.5934,16.4396,-18.2962,1.8462,0.0,48,0
1777320060000,998.3356,14.5934,16.4396,-18.1039,1.8462,0.0,48,0
1777323660000,998.5616,14.6827,16.5289,-17.9673,1.8462,0.0,48,0
1777327260000,998.3587,14.6827,16.5289,-18.1702,1.8462,0.0,48,0
1777330860000,999.5068,14.6827,16.5289,-17.0221,1.8462,0.0,48,0
1777334460000,1000.989,14.8514,16.6976,-15.7087,1.8462,0.0,48,0
1777338060000,1000.5555,14.8514,16.6976,-16.1422,1.8462,0.0,48,0
1777341660000,998.5486,14.8514,16.6976,-18.149,1.8462,0.0,48,0
1777345260000,997.6532,14.8514,16.6976,-19.0444,1.8462,0.0,48,0
1777348860000,997.4081,14.8514,16.6976,-19.2895,1.8462,0.0,48,0
1777352460000,997.7438,14.8514,16.6976,-18.9538,1.8462,0.0,48,0
1777356060000,995.7551,12.7555,14.6709,-18.9158,1.9154,0.0,49,0
1777359660000,994.69,12.7555,14.6709,-19.9808,1.9154,0.0,49,0
1777363260000,995.3217,12.835,14.7504,-19.4287,1.9154,0.0,49,0
1777366860000,995.3217,12.835,14.7504,-19.4287,1.9154,0.0,49,0
1777370460000,993.8743,12.835,14.7504,-20.8761,1.9154,0.0,49,0
1777374060000,993.372,12.835,14.7504,-21.3783,1.9154,0.0,49,0
1777377660000,989.0807,10.3167,12.3014,-23.2207,1.9848,0.0,50,0
1777381260000,991.2625,10.4837,12.4684,-21.2059,1.9848,0.0,50,0
1777384860000,989.9221,10.6528,12.6376,-22.7155,1.9848,0.0,50,0
1777388460000,989.7559,8.5014,10.5327,-20.7768,2.0313,0.0,51,0
1777392060000,990.7432,8.5014,10.5327,-19.7896,2.0313,0.0,51,0
1777395660000,991.8645,8.6691,10.7005,-18.836,2.0313,0.0,51,0
1777399260000,992.3157,8.9175,10.9488,-18.6331,2.0313,0.0,51,0
1777402860000,992.601,8.9175,10.9488,-18.3479,2.0313,0.0,51,0
1777406460000,993.3373,8.9969,11.0283,-17.691,2.0313,0.0,51,0
1777410060000,993.2301,8.9969,11.0283,-17.7981,2.0313,0.0,51,0
1777413660000,992.7565,8.9969,11.0283,-18.2718,2.0313,0.0,51,0
1777417260000,991.8536,8.9969,11.0283,-19.1746,2.0313,0.0,51,0
1777420860000,993.039,8.9969,11.0283,-17.9892,2.0313,0.0,51,0
1777424460000,992.9018,8.6251,10.6564,-17.7546,2.0313,0.0,51,0
1777428060000,993.4917,8.6251,10.6564,-17.1647,2.0313,0.0,51,0
1777431660000,993.1569,8.7918,10.8232,-17.6663,2.0313,0.0,51,0
1777435260000,995.14,8.7723,10.8036,-15.6636,2.0313,0.0,51,0
1777438860000,996.344,8.5445,10.5758,-14.2318,2.0313,0.0,51,0
1777442460000,996.3885,8.5445,10.5758,-14.1873,2.0313,0.0,51,0
1777446060000,995.4384,8.5445,10.5758,-15.1374,2.0313,0.0,51,0
1777449660000,994.9422,8.5445,10.5758,-15.6336,2.0313,0.0,51,0
1777453260000,995.0876,8.5445,10.5758,-15.4882,2.0313,0.0,51,0
1777456860000,995.6026,8.5029,10.5821,-14.9796,2.0792,0.0,52,0
1777460460000,995.8441,8.5479,10.6271,-14.783,2.0792,0.0,52,0
1777464060000,995.5078,8.5479,10.6271,-15.1193,2.0792,0.0,52,0
1777467660000,993.3629,8.5479,10.6271,-17.2642,2.0792,0.0,52,0
1777471260000,989.7346,5.8169,7.9647,-18.2301,2.1478,0.0,53,0
1777474860000,990.4571,5.9823,8.1301,-17.6731,2.1478,0.0,53,0
1777478460000,987.4822,4.4123,6.6067,-19.1245,2.1944,0.0,54,0
1777482060000,986.5329,3.8312,6.0256,-19.4926,2.1944,0.0,54,0
1777485660000,988.2079,3.9985,6.1928,-17.985,2.1944,0.0,54,0
1777489260000,984.4091,1.9053,4.1365,-19.7274,2.2312,0.0,55,0
1777492860000,984.2633,1.987,4.2183,-19.955,2.2312,0.0,55,0
1777496460000,985.3116,2.1531,4.3843,-19.0727,2.2312,0.0,55,0
1777500060000,986.2521,2.3129,4.5441,-18.292,2.2312,0.0,55,0
1777503660000,986.9292,2.3129,4.5441,-17.615,2.2312,0.0,55,0
1777507260000,986.9135,2.4781,4.7093,-17.7959,2.2312,0.0,55,0
1777510860000,989.5225,2.3254,4.5566,-15.0341,2.2312,0.0,55,0
1777514460000,989.5001,1.9558,4.1871,-14.687,2.2312,0.0,55,0
1777518060000,986.9549,1.9558,4.1871,-17.2322,2.2312,0.0,55,0
1777521660000,987.3209,2.0339,4.2652,-16.9442,2.2312,0.0,55,0
1777525260000,985.4252,2.0339,4.2652,-18.84,2.2312,0.0,55,0
1777528860000,986.2171,2.0339,4.2652,-18.0481,2.2312,0.0,55,0
1777532460000,987.9203,2.2405,4.518,-16.5977,2.2776,0.0,56,0
1777536060000,989.4966,2.4351,4.7127,-15.2161,2.2776,0.0,56,0
1777539660000,989.9215,2.5952,4.8728,-14.9513,2.2776,0.0,56,0
1777543260000,990.483,2.6732,4.9508,-14.4678,2.2776,0.0,56,0
1777546860000,990.5632,3.0463,5.3239,-14.7607,2.2776,0.0,56,0
1777550460000,990.6238,3.0463,5.3239,-14.7001,2.2776,0.0,56,0
1777554060000,991.3553,3.1243,5.4019,-14.0466,2.2776,0.0,56,0
1777557660000,991.546,2.9025,5.1801,-13.6341,2.2776,0.0,56,0
1777561260000,991.4456,2.9902,5.2677,-13.8221,2.2776,0.0,56,0
1777564860000,991.2883,3.2374,5.515,-14.2267,2.2776,0.0,56,0
1777568460000,991.0256,3.2374,5.515,-14.4894,2.2776,0.0,56,0
1777572060000,991.3904,3.2374,5.515,-14.1245,2.2776,0.0,56,0
1777575660000,991.5148,3.2374,5.515,-14.0002,2.2776,0.0,56,0
1777579260000,991.465,3.2374,5.515,-14.05,2.2776,0.0,56,0
1777582860000,991.8286,3.325,5.6026,-13.774,2.2776,0.0,56,0
1777586460000,991.2633,3.325,5.6026,-14.3393,2.2776,0.0,56,0
1777590060000,991.0914,3.325,5.6026,-14.5112,2.2776,0.0,56,0
1777593660000,991.6164,3.325,5.6026,-13.9862,2.2776,0.0,56,0
1777597260000,991.6033,3.325,5.6026,-13.9993,2.2776,0.0,56,0
1777600860000,992.4209,3.4031,5.6806,-13.2597,2.2776,0.0,56,0
1777604460000,992.1985,3.4846,5.7622,-13.5637,2.2776,0.0,56,0
1777608060000,994.0134,3.1469,5.4244,-11.411,2.2776,0.0,56,0
1777611660000,993.3288,3.1469,5.4244,-12.0956,2.2776,0.0,56,0
1777615260000,993.7052,3.1469,5.4244,-11.7192,2.2776,0.0,56,0
1777618860000,992.868,3.1469,5.4244,-12.5564,2.2776,0.0,56,0
1777622460000,992.8319,3.1469,5.4244,-12.5925,2.2776,0.0,56,0
1777626060000,992.8653,3.2343,5.5118,-12.6465,2.2776,0.0,56,0
1777629660000,992.4301,3.2343,5.5118,-13.0817,2.2776,0.0,56,0
1777633260000,992.657,3.2343,5.5118,-12.8548,2.2776,0.0,56,0
1777636860000,993.3569,3.2343,5.5118,-12.1549,2.2776,0.0,56,0
1777640460000,995.468,3.5382,5.8945,-10.4264,2.3563,0.0,58,0
1777644060000,997.9671,4.6035,6.9598,-8.9927,2.3563,0.0,58,0
1777647660000,995.6989,4.6994,7.1258,-11.4269,2.4264,0.0,59,0
1777651260000,997.4062,4.8671,7.2935,-9.8873,2.4264,0.0,59,0
1777654860000,996.2097,4.8671,7.2935,-11.0838,2.4264,0.0,59,0
1777658460000,996.0708,4.9556,7.382,-11.3112,2.4264,0.0,59,0
1777662060000,995.4269,4.9556,7.382,-11.9551,2.4264,0.0,59,0
1777665660000,994.6825,4.9556,7.382,-12.6995,2.4264,0.0,59,0
1777669260000,993.1413,4.9556,7.382,-14.2407,2.4264,0.0,59,0
1777672860000,994.3486,5.0442,7.4706,-13.122,2.4264,0.0,59,0
1777676460000,993.9108,5.0442,7.4706,-13.5597,2.4264,0.0,59,0
1777680060000,994.3955,5.0442,7.4706,-13.075,2.4264,0.0,59,0
1777683660000,994.4662,5.0442,7.4706,-13.0044,2.4264,0.0,59,0
1777687260000,994.6563,5.0442,7.4706,-12.8142,2.4264,0.0,59,0
1777690860000,995.0283,5.212,7.6383,-12.61,2.4264,0.0,59,0
1777694460000,995.1,5.212,7.6383,-12.5383,2.4264,0.0,59,0
1777698060000,994.3611,5.212,7.6383,-13.2773,2.4264,0.0,59,0
1777701660000,994.5534,5.212,7.6383,-13.085,2.4264,0.0,59,0
1777705260000,994.9308,5.212,7.6383,-12.7075,2.4264,0.0,59,0
1777708860000,994.4196,5.212,7.6383,-13.2187,2.4264,0.0,59,0
1777712460000,994.7954,5.212,7.6383,-12.8429,2.4264,0.0,59,0
1777716060000,994.9627,5.212,7.6383,-12.6756,2.4264,0.0,59,0
1777719660000,994.7634,5.212,7.6383,-12.875,2.4264,0.0,59,0
1777723260000,994.5447,5.212,7.6383,-13.0936,2.4264,0.0,59,0
1777726860000,995.0045,5.212,7.6383,-12.6338,2.4264,0.0,59,0
1777730460000,995.145,5.212,7.6383,-12.4934,2.4264,0.0,59,0
1777734060000,995.1963,5.212,7.6383,-12.4421,2.4264,0.0,59,0
1777737660000,995.362,5.212,7.6383,-12.2763,2.4264,0.0,59,0
1777741260000,995.4811,5.3004,7.7268,-12.2457,2.4264,0.0,59,0
1777744860000,994.9575,5.3004,7.7268,-12.7693,2.4264,0.0,59,0
1777748460000,995.2195,5.3004,7.7268,-12.5074,2.4264,0.0,59,0
1777752060000,995.2755,5.3004,7.7268,-12.4513,2.4264,0.0,59,0
1777755660000,995.4036,5.3004,7.7268,-12.3233,2.4264,0.0,59,0
1777759260000,996.4132,5.5907,8.0171,-11.6039,2.4264,0.0,59,0
1777762860000,996.2974,5.5907,8.0171,-11.7197,2.4264,0.0,59,0
1777766460000,995.9433,5.5907,8.0171,-12.0738,2.4264,0.0,59,0
1777770060000,995.2057,5.5907,8.0171,-12.8113,2.4264,0.0,59,0
1777773660000,994.7476,5.5907,8.0171,-13.2695,2.4264,0.0,59,0
1777777260000,994.6703,5.5907,8.0171,-13.3468,2.4264,0.0,59,0
1777780860000,994.7413,5.5907,8.0171,-13.2758,2.4264,0.0,59,0
1777784460000,994.892,5.5907,8.0171,-13.125,2.4264,0.0,59,0
1777788060000,995.0916,5.5907,8.0171,-12.9255,2.4264,0.0,59,0
1777791660000,995.3847,5.5907,8.0171,-12.6323,2.4264,0.0,59,0
1777795260000,995.6431,5.5907,8.0171,-12.374,2.4264,0.0,59,0
1777798860000,995.759,5.6791,8.1055,-12.3465,2.4264,0.0,59,0
1777802460000,996.5407,5.7584,8.1847,-11.644,2.4264,0.0,59,0
1777806060000,996.0654,5.7584,8.1847,-12.1194,2.4264,0.0,59,0
1777809660000,997.2249,5.7584,8.1847,-10.9598,2.4264,0.0,59,0
1777813260000,997.7139,5.9258,8.3522,-10.6383,2.4264,0.0,59,0
1777816860000,997.7145,5.9258,8.3522,-10.6378,2.4264,0.0,59,0
1777820460000,998.1456,6.0936,8.52,-10.3744,2.4264,0.0,59,0
1777824060000,998.098,6.0936,8.52,-10.422,2.4264,0.0,59,0
1777827660000,997.6291,6.0936,8.52,-10.891,2.4264,0.0,59,0
1777831260000,997.8387,6.0936,8.52,-10.6813,2.4264,0.0,59,0
1777834860000,998.0505,6.0936,8.52,-10.4696,2.4264,0.0,59,0
1777838460000,998.5448,6.0936,8.52,-9.9753,2.4264,0.0,59,0
1777842060000,998.5754,6.6283,9.0547,-10.4793,2.4264,0.0,59,0
1777845660000,998.6306,6.7074,9.1338,-10.5032,2.4264,0.0,59,0
1777849260000,998.77,7.1763,9.6632,-10.8932,2.4869,0.0,60,0
1777852860000,995.8805,7.1763,9.6632,-13.7827,2.4869,0.0,60,0
1777856460000,995.8494,7.1763,9.6632,-13.8138,2.4869,0.0,60,0
1777860060000,999.586,6.6198,9.1757,-9.5897,2.5559,0.0,61,0
1777863660000,1000.4249,7.2825,9.8617,-9.4368,2.5793,0.0,62,0
1777867260000,1001.4441,7.2825,9.8617,-8.4176,2.5793,0.0,62,0
1777870860000,1001.4288,8.0969,10.6761,-9.2473,2.5793,0.0,62,0
1777874460000,1000.3876,8.0969,10.6761,-10.2885,2.5793,0.0,62,0
1777878060000,999.9451,8.0969,10.6761,-10.731,2.5793,0.0,62,0
1777881660000,999.0616,8.0969,10.6761,-11.6145,2.5793,0.0,62,0
1777885260000,998.5915,8.0969,10.6761,-12.0846,2.5793,0.0,62,0
1777888860000,998.9824,8.0969,10.6761,-11.6937,2.5793,0.0,62,0
1777892460000,995.8249,6.1015,8.7261,-12.9012,2.6246,0.0,63,0
1777896060000,994.8276,6.1015,8.7261,-13.8985,2.6246,0.0,63,0
1777899660000,994.5189,6.1015,8.7261,-14.2072,2.6246,0.0,63,0
1777903260000,995.1714,6.1912,8.8158,-13.6444,2.6246,0.0,63,0
1777906860000,999.5843,6.8715,9.496,-9.9118,2.6246,0.0,63,0
1777910460000,997.197,6.9608,9.5853,-12.3883,2.6246,0.0,63,0
1777914060000,997.7981,7.1305,9.7551,-11.957,2.6246,0.0,63,0
1777917660000,998.8924,7.3,9.9246,-11.0322,2.6246,0.0,63,0
1777921260000,998.1143,7.3,9.9246,-11.8103,2.6246,0.0,63,0
1777924860000,997.6333,7.3,9.9246,-12.2912,2.6246,0.0,63,0
1777928460000,997.687,7.3,9.9246,-12.2375,2.6246,0.0,63,0
1777932060000,998.794,7.3804,10.005,-11.2109,2.6246,0.0,63,0
1777935660000,997.4785,7.3804,10.005,-12.5265,2.6246,0.0,63,0
1777939260000,997.228,7.3804,10.005,-12.7769,2.6246,0.0,63,0
1777942860000,998.3587,7.4697,10.0943,-11.7356,2.6246,0.0,63,0
1777946460000,999.382,7.5501,10.1747,-10.7927,2.6246,0.0,63,0
1777950060000,999.8631,8.3931,11.0177,-11.1546,2.6246,0.0,63,0
1777953660000,1000.6048,8.5868,11.2602,-10.6554,2.6734,0.0,64,0
1777957260000,1000.5667,8.5868,11.2602,-10.6935,2.6734,0.0,64,0
1777960860000,1001.0084,8.5868,11.2602,-10.2518,2.6734,0.0,64,0
1777964460000,1000.9123,8.5868,11.2602,-10.3479,2.6734,0.0,64,0
1777968060000,1000.9514,8.5868,11.2602,-10.3087,2.6734,0.0,64,0
1777971660000,1000.6443,8.5868,11.2602,-10.6159,2.6734,0.0,64,0
1777975260000,1000.0737,8.5868,11.2602,-11.1865,2.6734,0.0,64,0
1777978860000,1000.5762,8.5868,11.2602,-10.684,2.6734,0.0,64,0
1777982460000,1001.4165,8.6773,11.3507,-9.9343,2.6734,0.0,64,0
1777986060000,1003.1962,9.2807,11.9541,-8.7579,2.6734,0.0,64,0
1777989660000,1002.9916,9.2542,11.9277,-8.9361,2.6734,0.0,64,0
1777993260000,1002.7288,9.3447,12.0181,-9.2893,2.6734,0.0,64,0
1777996860000,1003.1088,9.3447,12.0181,-8.9093,2.6734,0.0,64,0
1778000460000,1001.9336,9.3447,12.0181,-10.0845,2.6734,0.0,64,0
1778004060000,1002.0036,9.3447,12.0181,-10.0145,2.6734,0.0,64,0
1778007660000,1002.6185,9.3447,12.0181,-9.3996,2.6734,0.0,64,0
1778011260000,1002.9947,9.4609,12.1504,-9.1556,2.6895,0.0,65,0
1778014860000,1003.3758,9.5412,12.2307,-8.8549,2.6895,0.0,65,0
1778018460000,1003.1281,9.5412,12.2307,-9.1027,2.6895,0.0,65,0
1778022060000,1002.6084,9.7057,12.3952,-9.7868,2.6895,0.0,65,0
1778025660000,1002.4883,9.569,12.2585,-9.7702,2.6895,0.0,65,0
1778029260000,1003.4945,9.5727,12.3315,-8.837,2.7588,0.0,66,0
1778032860000,1004.5979,9.6631,12.4219,-7.824,2.7588,0.0,66,0
1778036460000,1004.9346,9.948,12.7068,-7.7722,2.7588,0.0,66,0
1778040060000,1005.6798,10.1733,12.9321,-7.2524,2.7588,0.0,66,0
1778043660000,1004.977,10.67,13.4288,-8.4518,2.7588,0.0,66,0
1778047260000,1005.3807,10.6004,13.4288,-8.0481,2.8284,0.0,67,0
1778050860000,1005.993,10.8301,13.6585,-7.6655,2.8284,0.0,67,0
1778054460000,1006.2416,11.0691,13.8975,-7.6559,2.8284,0.0,67,0
1778058060000,1008.2072,12.4101,15.2601,-7.0529,2.85,0.0,68,0
1778061660000,1009.1637,12.9744,15.8244,-6.6607,2.85,0.0,68,0
1778065260000,1009.4436,14.0667,16.9866,-7.543,2.9199,0.0,69,0
1778068860000,1008.1425,15.3121,18.2935,-10.1511,2.9815,0.0,70,0
1778072460000,1007.1792,15.4793,18.4608,-11.2816,2.9815,0.0,70,0
1778076060000,1005.8654,15.4793,18.4608,-12.5954,2.9815,0.0,70,0
1778079660000,1005.6641,15.9023,18.8838,-13.2197,2.9815,0.0,70,0
1778083260000,1005.2035,15.9023,18.8838,-13.6802,2.9815,0.0,70,0
1778086860000,1004.6518,15.9023,18.8838,-14.2319,2.9815,0.0,70,0
1778090460000,1004.2501,15.9023,18.8838,-14.6337,2.9815,0.0,70,0
1778094060000,1004.0002,15.9023,18.8838,-14.8836,2.9815,0.0,70,0
1778097660000,1005.2004,15.9023,18.8838,-13.6834,2.9815,0.0,70,0
1778101260000,1004.902,16.0777,19.0592,-14.1572,2.9815,0.0,70,0
1778104860000,1005.2301,16.0777,19.0592,-13.8291,2.9815,0.0,70,0
1778108460000,1004.1788,16.0777,19.0592,-14.8804,2.9815,0.0,70,0
1778112060000,1005.4515,16.0777,19.0592,-13.6077,2.9815,0.0,70,0
1778115660000,1002.4082,16.0777,19.0592,-16.651,2.9815,0.0,70,0
1778119260000,1004.1219,16.3364,19.3179,-15.196,2.9815,0.0,70,0
1778122860000,1003.0794,16.3364,19.3179,-16.2385,2.9815,0.0,70,0
1778126460000,1001.9769,15.2254,18.2425,-16.2655,3.0171,0.0,71,0
1778130060000,1003.0138,15.2254,18.2425,-15.2287,3.0171,0.0,71,0
1778133660000,1003.4789,14.9979,18.015,-14.5361,3.0171,0.0,71,0
1778137260000,1006.2704,15.0484,18.0655,-11.7951,3.0171,0.0,71,0
1778140860000,1007.7567,15.3561,18.3732,-10.6165,3.0171,0.0,71,0
1778144460000,1005.6552,15.3561,18.3732,-12.7181,3.0171,0.0,71,0
1778148060000,1005.6426,15.8494,18.8665,-13.2239,3.0171,0.0,71,0
1778151660000,1005.385,15.8494,18.8665,-13.4815,3.0171,0.0,71,0
1778155260000,1006.1241,15.9333,18.9504,-12.8262,3.0171,0.0,71,0
1778158860000,1006.5846,16.2706,19.2877,-12.7032,3.0171,0.0,71,0
1778162460000,1004.7015,16.2706,19.2877,-14.5862,3.0171,0.0,71,0
1778166060000,1003.264,15.1015,18.1484,-14.8844,3.0469,0.0,72,0
1778169660000,1001.3749,15.1015,18.1484,-16.7735,3.0469,0.0,72,0
1778173260000,1001.006,15.1855,18.2324,-17.2264,3.0469,0.0,72,0
1778176860000,1002.5649,15.4397,18.4866,-15.9217,3.0469,0.0,72,0
1778180460000,1001.9944,15.4397,18.4866,-16.4921,3.0469,0.0,72,0
1778184060000,1002.3452,15.4397,18.4866,-16.1414,3.0469,0.0,72,0
1778187660000,1000.1655,15.53,18.5769,-18.4114,3.0469,0.0,72,0
1778191260000,999.5477,15.53,18.5769,-19.0292,3.0469,0.0,72,0
1778194860000,999.8783,15.53,18.5769,-18.6987,3.0469,0.0,72,0
1778198460000,1001.6367,15.53,18.5769,-16.9402,3.0469,0.0,72,0
1778202060000,1001.3604,15.6971,18.744,-17.3836,3.0469,0.0,72,0
1778205660000,1000.2166,15.6971,18.744,-18.5274,3.0469,0.0,72,0
1778209260000,999.1371,15.864,18.9108,-19.7738,3.0469,0.0,72,0
1778212860000,1000.9462,16.0308,19.0777,-18.1315,3.0469,0.0,72,0
1778216460000,1000.6547,16.0308,19.0777,-18.423,3.0469,0.0,72,0
1778220060000,999.8596,16.0308,19.0777,-19.2181,3.0469,0.0,72,0
1778223660000,1000.0074,16.0308,19.0777,-19.0703,3.0469,0.0,72,0
1778227260000,1000.5883,16.0308,19.0777,-18.4894,3.0469,0.0,72,0
1778230860000,1001.447,16.2012,19.2481,-17.801,3.0469,0.0,72,0
1778234460000,1001.9822,16.2012,19.2481,-17.2658,3.0469,0.0,72,0
1778238060000,1003.7122,16.3755,19.4223,-15.7101,3.0469,0.0,72,0
1778241660000,1003.6032,16.3755,19.4223,-15.8192,3.0469,0.0,72,0
1778245260000,1003.119,16.4552,19.5021,-16.3831,3.0469,0.0,72,0
1778248860000,1002.5147,16.6221,19.669,-17.1543,3.0469,0.0,72,0
1778252460000,1003.7263,16.8827,19.9296,-16.2033,3.0469,0.0,72,0
1778256060000,1003.622,16.9665,20.0134,-16.3914,3.0469,0.0,72,0
1778259660000,1003.2612,16.9665,20.0134,-16.7523,3.0469,0.0,72,0
1778263260000,1006.0126,17.5426,20.6114,-14.5988,3.0688,0.0,73,0
1778266860000,1005.9415,17.7654,20.8342,-14.8927,3.0688,0.0,73,0
1778270460000,1006.4547,17.7654,20.8342,-14.3795,3.0688,0.0,73,0
1778274060000,1005.4983,17.7654,20.8342,-15.336,3.0688,0.0,73,0
1778277660000,1006.5186,17.7654,20.8342,-14.3156,3.0688,0.0,73,0
1778281260000,1005.9048,17.7654,20.8342,-14.9294,3.0688,0.0,73,0
1778284860000,1005.4863,17.7654,20.8342,-15.348,3.0688,0.0,73,0
1778288460000,1005.8734,17.7654,20.8342,-14.9608,3.0688,0.0,73,0
1778292060000,1006.6518,17.994,21.0628,-14.411,3.0688,0.0,73,0
1778295660000,1006.8061,17.994,21.0628,-14.2567,3.0688,0.0,73,0
1778299260000,1006.765,17.994,21.0628,-14.2978,3.0688,0.0,73,0
1778302860000,1006.5016,18.3187,21.3876,-14.8859,3.0688,0.0,73,0
1778306460000,1006.811,18.3187,21.3876,-14.5766,3.0688,0.0,73,0
1778310060000,1006.4289,18.4037,21.4725,-15.0437,3.0688,0.0,73,0
1778313660000,1006.4908,18.4037,21.4725,-14.9817,3.0688,0.0,73,0
1778317260000,1006.8476,18.4037,21.4725,-14.6249,3.0688,0.0,73,0
1778320860000,1006.2473,18.4037,21.4725,-15.2252,3.0688,0.0,73,0
1778324460000,1006.2876,18.4037,21.4725,-15.1849,3.0688,0.0,73,0
1778328060000,1006.6653,18.4037,21.4725,-14.8072,3.0688,0.0,73,0
1778331660000,1006.8535,18.4037,21.4725,-14.619,3.0688,0.0,73,0
1778335260000,1006.6144,18.4037,21.4725,-14.8582,3.0688,0.0,73,0
1778338860000,1006.1575,18.4037,21.4725,-15.315,3.0688,0.0,73,0
1778342460000,1006.971,18.4834,21.5522,-14.5812,3.0688,0.0,73,0
1778346060000,1007.4554,18.5736,21.6425,-14.187,3.0688,0.0,73,0
1778349660000,1008.6075,18.3935,21.4624,-12.8549,3.0688,0.0,73,0
1778353260000,1008.7263,18.4837,21.5525,-12.8262,3.0688,0.0,73,0
1778356860000,1008.8905,18.4837,21.5525,-12.662,3.0688,0.0,73,0
1778360460000,1008.6871,18.4837,21.5525,-12.8654,3.0688,0.0,73,0
1778364060000,1008.7949,18.4837,21.5525,-12.7576,3.0688,0.0,73,0
1778367660000,1008.8184,18.4837,21.5525,-12.7341,3.0688,0.0,73,0
1778371260000,1008.3998,18.4837,21.5525,-13.1527,3.0688,0.0,73,0
1778374860000,1007.9886,18.4837,21.5525,-13.5639,3.0688,0.0,73,0
1778378460000,1007.8825,18.4837,21.5525,-13.67,3.0688,0.0,73,0
1778382060000,1008.4745,18.4837,21.5525,-13.078,3.0688,0.0,73,0
1778385660000,1008.665,18.4837,21.5525,-12.8875,3.0688,0.0,73,0
1778389260000,1008.5529,18.4837,21.5525,-12.9996,3.0688,0.0,73,0
1778392860000,1008.5837,18.4837,21.5525,-12.9688,3.0688,0.0,73,0
1778396460000,1008.7488,18.4837,21.5525,-12.8037,3.0688,0.0,73,0
1778400060000,1008.323,18.4837,21.5525,-13.2295,3.0688,0.0,73,0
1778403660000,1008.9986,18.5465,21.6375,-12.6389,3.091,0.0,74,0
1778407260000,1008.6567,18.5837,21.6747,-13.018,3.091,0.0,74,0
1778410860000,1008.628,18.5837,21.6747,-13.0467,3.091,0.0,74,0
1778414460000,1008.412,18.5837,21.6747,-13.2627,3.091,0.0,74,0
1778418060000,1008.5529,18.5837,21.6747,-13.1218,3.091,0.0,74,0
1778421660000,1009.1721,18.5837,21.6747,-12.5026,3.091,0.0,74,0
1778425260000,1009.4117,18.5837,21.6747,-12.263,3.091,0.0,74,0
1778428860000,1011.0101,18.7651,21.8561,-10.846,3.091,0.0,74,0
1778432460000,1010.9416,18.7651,21.8561,-10.9144,3.091,0.0,74,0
1778436060000,1011.9133,19.3079,22.3989,-10.4856,3.091,0.0,74,0
1778439660000,1011.3005,19.6361,22.7271,-11.4266,3.091,0.0,74,0
1778443260000,1011.9437,19.7218,22.8128,-10.8691,3.091,0.0,74,0
1778446860000,1008.341,19.8746,22.9891,-14.6481,3.1144,0.0,75,0
1778450460000,1009.2216,20.1317,23.2461,-14.0246,3.1144,0.0,75,0
1778454060000,1012.7046,20.4998,23.6142,-10.9096,3.1144,0.0,75,0
1778457660000,1012.1292,20.5855,23.6999,-11.5707,3.1144,0.0,75,0
1778461260000,1009.7853,20.6754,23.7898,-14.0045,3.1144,0.0,75,0
1778464860000,1011.4114,20.7562,23.8706,-12.4592,3.1144,0.0,75,0
1778468460000,1009.3809,20.7562,23.8706,-14.4897,3.1144,0.0,75,0
1778472060000,1007.5294,20.7562,23.8706,-16.3413,3.1144,0.0,75,0
1778475660000,1008.2261,20.7562,23.8706,-15.6446,3.1144,0.0,75,0
1778479260000,1007.0757,19.4359,22.6187,-15.5429,3.1828,0.0,76,0
1778482860000,1007.5951,19.2019,22.3847,-14.7896,3.1828,0.0,76,0
1778486460000,1007.1326,19.2019,22.3847,-15.2521,3.1828,0.0,76,0
1778490060000,1007.0719,19.2019,22.3847,-15.3128,3.1828,0.0,76,0
1778493660000,1007.6779,19.2019,22.3847,-14.7068,3.1828,0.0,76,0
1778497260000,1007.4492,19.2921,22.4748,-15.0257,3.1828,0.0,76,0
1778500860000,1008.442,19.2921,22.4748,-14.0329,3.1828,0.0,76,0
1778504460000,1008.5202,19.1848,22.3676,-13.8474,3.1828,0.0,76,0
1778508060000,1009.0413,19.3528,22.6054,-13.5641,3.2526,0.0,77,0
1778511660000,1007.5837,19.4387,22.6913,-15.1076,3.2526,0.0,77,0
1778515260000,1010.271,19.8668,23.1194,-12.8484,3.2526,0.0,77,0
1778518860000,1009.7811,20.02,23.2951,-13.5139,3.2751,0.0,78,0
1778522460000,1011.3447,20.1455,23.4206,-12.0759,3.2751,0.0,78,0
1778526060000,1011.0881,20.2796,23.5547,-12.4667,3.2751,0.0,78,0
1778529660000,1012.3477,20.3669,23.642,-11.2943,3.2751,0.0,78,0
1778533260000,1011.7027,20.3669,23.642,-11.9393,3.2751,0.0,78,0
1778536860000,1012.1757,20.3669,23.642,-11.4663,3.2751,0.0,78,0
1778540460000,1012.1597,20.7127,23.9878,-11.8281,3.2751,0.0,78,0
1778544060000,1012.1834,20.7127,23.9878,-11.8044,3.2751,0.0,78,0
1778547660000,1011.8946,20.7127,23.9878,-12.0932,3.2751,0.0,78,0
1778551260000,1008.9717,19.2818,22.5949,-13.6232,3.3131,0.0,79,0
1778554860000,1009.2628,19.2818,22.5949,-13.3322,3.3131,0.0,79,0
1778558460000,1008.056,19.2818,22.5949,-14.5389,3.3131,0.0,79,0
1778562060000,1008.5191,19.2818,22.5949,-14.0759,3.3131,0.0,79,0
1778565660000,1008.3856,19.2818,22.5949,-14.2093,3.3131,0.0,79,0
1778569260000,1006.9408,19.2818,22.5949,-15.6542,3.3131,0.0,79,0
1778572860000,1006.5937,19.2818,22.5949,-16.0012,3.3131,0.0,79,0
1778576460000,1005.8396,19.2818,22.5949,-16.7553,3.3131,0.0,79,0
1778580060000,1006.4582,19.2818,22.5949,-16.1368,3.3131,0.0,79,0
1778583660000,1004.8037,19.2818,22.5949,-17.7912,3.3131,0.0,79,0
1778587260000,1005.631,19.2818,22.5949,-16.9639,3.3131,0.0,79,0
1778590860000,1006.4554,19.3694,22.6825,-16.2271,3.3131,0.0,79,0
1778594460000,1004.0515,19.3694,22.6825,-18.631,3.3131,0.0,79,0
1778598060000,1002.3555,19.3694,22.6825,-20.327,3.3131,0.0,79,0
1778601660000,1001.3505,17.2955,20.6646,-19.3141,3.3692,0.0,81,0
1778605260000,1000.8478,17.2955,20.6646,-19.8168,3.3692,0.0,81,0
1778608860000,1003.2792,17.2914,20.6605,-17.3813,3.3692,0.0,81,0
1778612460000,1004.1797,17.4612,20.8304,-16.6506,3.3692,0.0,81,0
1778616060000,1005.065,17.4227,20.8614,-15.7964,3.4387,0.0,82,0
1778619660000,1004.552,17.4227,20.8614,-16.3094,3.4387,0.0,82,0
1778623260000,1004.783,17.4227,20.8614,-16.0784,3.4387,0.0,82,0
1778626860000,1004.5359,17.4227,20.8614,-16.3255,3.4387,0.0,82,0
